{
    "criteria": {
      "requirement": {
        "trigger": "minecraft:player_interacted_with_entity",
        "conditions": {
          "player": [
            {
              "condition": "minecraft:entity_properties",
              "entity": "this",
              "predicate": {}
            }
          ],
          "entity": [
            {
              "condition": "minecraft:entity_properties",
              "entity": "this",
              "predicate": {
                "type": "minecraft:interaction",
                "nbt": "{Tags:[\"welcome_3\"]}"
              }
            }
          ]
        }
      }
    },
    "rewards": {
      "function": "metel:start_room/start"
    }
  }
  