{"stats":{"minecraft:picked_up":{"minecraft:crossbow":2},"minecraft:dropped":{"minecraft:crossbow":2},"minecraft:used":{"minecraft:crossbow":862},"minecraft:custom":{"minecraft:jump":789,"minecraft:time_since_rest":57988,"minecraft:leave_game":1,"minecraft:damage_dealt":1902,"minecraft:crouch_one_cm":803,"minecraft:sprint_one_cm":415199,"minecraft:play_time":57988,"minecraft:damage_taken":2463,"minecraft:time_since_death":57988,"minecraft:walk_one_cm":225517,"minecraft:sneak_time":955,"minecraft:total_world_time":57988,"minecraft:drop":2,"minecraft:fall_one_cm":85248,"minecraft:fly_one_cm":192045}},"DataVersion":3337}