{"stats":{"minecraft:mined":{"minecraft:redstone_wire":1,"minecraft:oak_planks":1,"minecraft:bookshelf":1},"minecraft:killed":{"minecraft:rabbit":1},"minecraft:custom":{"minecraft:interact_with_crafting_table":87,"minecraft:open_barrel":1357,"minecraft:eat_cake_slice":28,"minecraft:leave_game":390,"minecraft:time_since_death":1453558,"minecraft:play_time":8403837,"minecraft:deaths":1,"minecraft:jump":22392,"minecraft:interact_with_furnace":19,"minecraft:play_record":5,"minecraft:interact_with_cartography_table":25,"minecraft:use_cauldron":17,"minecraft:inspect_dispenser":49,"minecraft:interact_with_smithing_table":9,"minecraft:inspect_dropper":1446,"minecraft:interact_with_anvil":746,"minecraft:inspect_hopper":1562,"minecraft:sneak_time":634961,"minecraft:interact_with_lectern":338,"minecraft:interact_with_blast_furnace":33,"minecraft:total_world_time":12618759,"minecraft:tune_noteblock":487,"minecraft:time_since_rest":1453584,"minecraft:swim_one_cm":159993,"minecraft:fly_one_cm":52922889,"minecraft:open_chest":2892,"minecraft:fall_one_cm":145325,"minecraft:open_shulker_box":425,"minecraft:sprint_one_cm":3196656,"minecraft:drop":759,"minecraft:walk_on_water_one_cm":268017,"minecraft:interact_with_loom":56,"minecraft:open_enderchest":1,"minecraft:interact_with_beacon":3,"minecraft:crouch_one_cm":649508,"minecraft:mob_kills":1,"minecraft:fill_cauldron":4,"minecraft:interact_with_campfire":241,"minecraft:climb_one_cm":111658,"minecraft:walk_one_cm":6814264,"minecraft:walk_under_water_one_cm":190757,"minecraft:pot_flower":171,"minecraft:damage_taken":6382,"minecraft:minecart_one_cm":14890},"minecraft:crafted":{"minecraft:leather_leggings":1,"minecraft:firework_star":128,"minecraft:leather_helmet":1,"minecraft:written_book":40,"minecraft:leather_chestplate":1,"minecraft:leather_boots":1,"minecraft:firework_rocket":192},"minecraft:picked_up":{"minecraft:flower_pot":9,"minecraft:birch_button":1792,"minecraft:polished_deepslate":2,"minecraft:orange_concrete_powder":6,"minecraft:cobbled_deepslate":3,"minecraft:spruce_planks":1,"minecraft:acacia_sign":4,"minecraft:written_book":376,"minecraft:composter":1,"minecraft:lightning_rod":11,"minecraft:warped_button":1,"minecraft:warped_pressure_plate":1,"minecraft:command_block":2,"minecraft:honey_bottle":2,"minecraft:polished_basalt":4,"minecraft:polished_diorite_slab":1,"minecraft:iron_door":5,"minecraft:lantern":3,"minecraft:dark_oak_sign":3,"minecraft:dropper":3,"minecraft:barrel":9,"minecraft:polished_andesite":1,"minecraft:black_concrete_powder":1,"minecraft:deepslate":1,"minecraft:lever":6,"minecraft:writable_book":64,"minecraft:deepslate_gold_ore":1,"minecraft:granite":2,"minecraft:spruce_button":1,"minecraft:bread":456,"minecraft:rooted_dirt":2,"minecraft:light_gray_carpet":2,"minecraft:coarse_dirt":1,"minecraft:leather_leggings":7,"minecraft:flint_and_steel":1,"minecraft:white_carpet":1,"minecraft:iron_shovel":2,"minecraft:iron_nugget":117,"minecraft:quartz_stairs":1,"minecraft:birch_sapling":2,"minecraft:copper_ore":1,"minecraft:stone":4446,"minecraft:glow_item_frame":1,"minecraft:music_disc_mellohi":1,"minecraft:redstone":146,"minecraft:blue_carpet":8,"minecraft:jungle_sign":2,"minecraft:tnt":190,"minecraft:peony":3,"minecraft:warped_sign":1,"minecraft:rail":18,"minecraft:emerald_ore":3,"minecraft:paper":68,"minecraft:birch_pressure_plate":2,"minecraft:stone_bricks":3,"minecraft:music_disc_far":1,"minecraft:oak_fence_gate":64,"minecraft:smooth_basalt":4,"minecraft:spruce_sapling":2,"minecraft:sea_lantern":2,"minecraft:leather_helmet":14,"minecraft:firework_rocket":575,"minecraft:purple_glazed_terracotta":1,"minecraft:polished_diorite":1,"minecraft:painting":24,"minecraft:deepslate_redstone_ore":1,"minecraft:redstone_ore":1,"minecraft:birch_sign":2,"minecraft:crimson_nylium":2,"minecraft:melon_seeds":3,"minecraft:warped_nylium":1,"minecraft:pink_dye":1160,"minecraft:hopper":1,"minecraft:music_disc_strad":1,"minecraft:black_carpet":1,"minecraft:redstone_block":1,"minecraft:light_gray_shulker_box":9,"minecraft:potion":60,"minecraft:stone_brick_stairs":2,"minecraft:armor_stand":1,"minecraft:oak_sign":23,"minecraft:sea_pickle":10,"minecraft:smooth_stone":5,"minecraft:comparator":28,"minecraft:redstone_torch":34,"minecraft:calcite":12,"minecraft:wooden_shovel":36,"minecraft:deepslate_iron_ore":2,"minecraft:torch":1,"minecraft:crimson_button":1,"minecraft:music_disc_pigstep":4,"minecraft:diorite":1,"minecraft:rotten_flesh":197,"minecraft:music_disc_ward":1,"minecraft:deepslate_copper_ore":1,"minecraft:obsidian":1,"minecraft:cod":6,"minecraft:cobblestone":1,"minecraft:leather_chestplate":7,"minecraft:repeater":29,"minecraft:andesite":1,"minecraft:tuff":2,"minecraft:dirt":1,"minecraft:polished_granite":3,"minecraft:name_tag":5569,"minecraft:leather_boots":7,"minecraft:acacia_planks":1,"minecraft:oak_planks":2,"minecraft:sand":39,"minecraft:jungle_planks":1,"minecraft:light_blue_shulker_box":3,"minecraft:grass_block":1,"minecraft:soul_lantern":54,"minecraft:polished_blackstone_button":399,"minecraft:bone_meal":8,"minecraft:spruce_sign":1,"minecraft:oak_sapling":2,"minecraft:ladder":2,"minecraft:item_frame":5,"minecraft:cyan_carpet":2,"minecraft:player_head":36,"minecraft:observer":1,"minecraft:spruce_trapdoor":1,"minecraft:note_block":134,"minecraft:quartz_pillar":1,"minecraft:stone_button":19,"minecraft:stone_pressure_plate":1,"minecraft:light_blue_stained_glass_pane":2,"minecraft:pink_tulip":1,"minecraft:black_banner":17,"minecraft:skeleton_skull":1,"minecraft:dark_oak_button":4,"minecraft:salmon":1,"minecraft:birch_planks":1,"minecraft:cobblestone_stairs":2,"minecraft:podzol":1,"minecraft:gray_carpet":4,"minecraft:deepslate_emerald_ore":1,"minecraft:polished_andesite_slab":1,"minecraft:scaffolding":4,"minecraft:stone_brick_slab":9,"minecraft:dripstone_block":1,"minecraft:gold_ore":1,"minecraft:green_carpet":1,"minecraft:music_disc_mall":1,"minecraft:pumpkin_seeds":65,"minecraft:campfire":1},"minecraft:used":{"minecraft:peony":3,"minecraft:moss_block":4,"minecraft:writable_book":2274,"minecraft:polished_granite_stairs":35,"minecraft:chiseled_deepslate":28,"minecraft:smooth_quartz_slab":206,"minecraft:spruce_slab":133,"minecraft:dispenser":20,"minecraft:polished_blackstone":8,"minecraft:ladder":271,"minecraft:black_carpet":81,"minecraft:chest":241,"minecraft:stone":5973,"minecraft:white_shulker_box":9,"minecraft:warped_sign":52,"minecraft:quartz_stairs":100,"minecraft:soul_sand":2,"minecraft:blue_stained_glass":8,"minecraft:brick_slab":18,"minecraft:deepslate_brick_slab":68,"minecraft:orange_wool":2,"minecraft:cracked_deepslate_tiles":3,"minecraft:yellow_candle":2,"minecraft:acacia_button":16,"minecraft:weeping_vines":12,"minecraft:stripped_spruce_log":86,"minecraft:polished_blackstone_slab":19,"minecraft:packed_ice":37,"minecraft:honey_block":172,"minecraft:stripped_dark_oak_wood":481,"minecraft:quartz_pillar":413,"minecraft:music_disc_pigstep":5,"minecraft:red_wool":11,"minecraft:black_stained_glass_pane":43,"minecraft:grass_block":21,"minecraft:polished_andesite_stairs":547,"minecraft:quartz_block":77,"minecraft:dark_oak_leaves":25,"minecraft:dark_oak_slab":53,"minecraft:dark_oak_button":14,"minecraft:diorite_wall":4,"minecraft:stone_brick_stairs":1667,"minecraft:blue_banner":4,"minecraft:snow":20,"minecraft:sweet_berries":1,"minecraft:furnace":24,"minecraft:gray_banner":6,"minecraft:seagrass":9,"minecraft:dark_prismarine_stairs":9,"minecraft:deepslate_brick_wall":609,"minecraft:light_blue_carpet":5,"minecraft:diorite":114,"minecraft:damaged_anvil":5,"minecraft:end_stone_bricks":125,"minecraft:spruce_door":5,"minecraft:brick_wall":8,"minecraft:red_stained_glass":23,"minecraft:stripped_birch_log":250,"minecraft:infested_stone":28,"minecraft:acacia_trapdoor":33,"minecraft:powered_rail":232,"minecraft:blackstone_stairs":125,"minecraft:blackstone":462,"minecraft:jungle_pressure_plate":3,"minecraft:composter":1001,"minecraft:smooth_quartz_stairs":18,"minecraft:dark_oak_trapdoor":196,"minecraft:blue_dye":3,"minecraft:purpur_stairs":6,"minecraft:sand":722,"minecraft:cut_sandstone_slab":19,"minecraft:blast_furnace":49,"minecraft:blue_ice":3,"minecraft:acacia_leaves":7,"minecraft:chiseled_quartz_block":3,"minecraft:purple_terracotta":257,"minecraft:gray_concrete":240,"minecraft:black_concrete_powder":22,"minecraft:deepslate_brick_stairs":149,"minecraft:crimson_fence_gate":41,"minecraft:lightning_rod":187,"minecraft:birch_fence":6,"minecraft:deepslate_tiles":356,"minecraft:crying_obsidian":4,"minecraft:gray_stained_glass_pane":28,"minecraft:birch_slab":35,"minecraft:deepslate_iron_ore":2,"minecraft:cyan_carpet":85,"minecraft:stone_button":474,"minecraft:lectern":74,"minecraft:polished_granite":82,"minecraft:oak_pressure_plate":9,"minecraft:flowering_azalea_leaves":131,"minecraft:polished_andesite_slab":348,"minecraft:soul_lantern":202,"minecraft:nether_wart_block":88,"minecraft:coal_block":247,"minecraft:smithing_table":49,"minecraft:white_stained_glass":56,"minecraft:ice":47,"minecraft:waxed_cut_copper_stairs":28,"minecraft:purple_wool":6,"minecraft:diorite_slab":64,"minecraft:gray_stained_glass":47,"minecraft:diorite_stairs":8,"minecraft:oak_trapdoor":277,"minecraft:stripped_acacia_wood":133,"minecraft:polished_blackstone_brick_slab":115,"minecraft:iron_bars":1982,"minecraft:enchanting_table":5,"minecraft:orange_concrete":4,"minecraft:dead_bush":8,"minecraft:armor_stand":22,"minecraft:light_gray_carpet":423,"minecraft:stripped_warped_stem":218,"minecraft:tinted_glass":121,"minecraft:polished_blackstone_wall":18,"minecraft:netherrack":12,"minecraft:light_gray_shulker_box":85,"minecraft:torch":41,"minecraft:anvil":414,"minecraft:ancient_debris":21,"minecraft:target":101,"minecraft:stone_stairs":192,"minecraft:nether_brick_slab":20,"minecraft:yellow_carpet":17,"minecraft:jungle_trapdoor":141,"minecraft:polished_granite_slab":102,"minecraft:glow_lichen":83,"minecraft:dead_brain_coral_block":12,"minecraft:blue_concrete":182,"minecraft:nether_brick_stairs":15,"minecraft:oak_fence_gate":125,"minecraft:polished_diorite":1083,"minecraft:shroomlight":11,"minecraft:sea_lantern":522,"minecraft:chipped_anvil":1,"minecraft:rooted_dirt":100,"minecraft:iron_block":622,"minecraft:light_weighted_pressure_plate":2,"minecraft:slime_block":245,"minecraft:brick_stairs":109,"minecraft:spruce_button":16,"minecraft:warped_fence":35,"minecraft:polished_deepslate_wall":169,"minecraft:smooth_quartz":139,"minecraft:barrel":509,"minecraft:smooth_basalt":282,"minecraft:waxed_exposed_cut_copper_slab":19,"minecraft:basalt":479,"minecraft:tripwire_hook":110,"minecraft:purple_concrete":24,"minecraft:glowstone":138,"minecraft:lime_concrete":775,"minecraft:warped_stairs":56,"minecraft:magenta_wool":91,"minecraft:iron_trapdoor":1135,"minecraft:oxidized_copper":10,"minecraft:acacia_wood":147,"minecraft:crimson_pressure_plate":4,"minecraft:acacia_planks":35,"minecraft:cobbled_deepslate":806,"minecraft:observer":1382,"minecraft:orange_terracotta":83,"minecraft:hanging_roots":23,"minecraft:calcite":1487,"minecraft:wheat_seeds":16,"minecraft:water_bucket":821,"minecraft:warped_stem":48,"minecraft:light_blue_shulker_box":6,"minecraft:sandstone_stairs":1,"minecraft:prismarine_brick_slab":104,"minecraft:birch_planks":1196,"minecraft:cartography_table":34,"minecraft:waxed_oxidized_cut_copper":206,"minecraft:red_mushroom_block":1967,"minecraft:cauldron":12,"minecraft:fletching_table":16,"minecraft:glow_ink_sac":104,"minecraft:spruce_fence_gate":15,"minecraft:leather_boots":1,"minecraft:deepslate_bricks":2951,"minecraft:cracked_stone_bricks":97,"minecraft:polished_blackstone_bricks":589,"minecraft:polished_deepslate_slab":67,"minecraft:diamond_block":16,"minecraft:orange_carpet":15,"minecraft:light_gray_banner":11,"minecraft:rail":210,"minecraft:comparator":947,"minecraft:vine":53,"minecraft:oak_slab":277,"minecraft:crafting_table":54,"minecraft:green_dye":4,"minecraft:crimson_trapdoor":22,"minecraft:birch_sign":124,"minecraft:campfire":131,"minecraft:dark_oak_fence_gate":9,"minecraft:cake":15,"minecraft:spruce_log":70,"minecraft:small_amethyst_bud":2,"minecraft:deepslate_tile_wall":239,"minecraft:oak_log":26,"minecraft:warped_trapdoor":140,"minecraft:oxeye_daisy":8,"minecraft:waxed_exposed_cut_copper_stairs":9,"minecraft:acacia_sign":32,"minecraft:stripped_jungle_log":44,"minecraft:oak_button":45,"minecraft:spruce_pressure_plate":4,"minecraft:cyan_concrete":2,"minecraft:purpur_slab":2,"minecraft:spruce_trapdoor":516,"minecraft:magenta_concrete_powder":4,"minecraft:spruce_sapling":16,"minecraft:chiseled_stone_bricks":279,"minecraft:crimson_sign":51,"minecraft:blue_carpet":324,"minecraft:green_carpet":41,"minecraft:cobblestone":1475,"minecraft:potion":22,"minecraft:azalea_leaves":89,"minecraft:crimson_stairs":27,"minecraft:acacia_pressure_plate":5,"minecraft:red_concrete_powder":4,"minecraft:warped_fence_gate":38,"minecraft:andesite_stairs":53,"minecraft:sandstone_slab":9,"minecraft:glass_pane":39,"minecraft:repeating_command_block":6,"minecraft:stripped_oak_log":100,"minecraft:kelp":30,"minecraft:candle":29,"minecraft:jukebox":5,"minecraft:light_blue_banner":7,"minecraft:light_blue_stained_glass_pane":250,"minecraft:red_sand":53,"minecraft:purple_candle":2,"minecraft:polished_deepslate":1803,"minecraft:light_gray_stained_glass_pane":26,"minecraft:bone_block":879,"minecraft:oak_sign":1077,"minecraft:polished_basalt":332,"minecraft:white_concrete_powder":97,"minecraft:white_terracotta":5,"minecraft:stripped_jungle_wood":108,"minecraft:bell":3,"minecraft:player_head":166,"minecraft:smooth_sandstone_stairs":3,"minecraft:spruce_leaves":15,"minecraft:debug_stick":308,"minecraft:oxidized_cut_copper":68,"minecraft:birch_pressure_plate":10,"minecraft:jungle_planks":125,"minecraft:prismarine_brick_stairs":13,"minecraft:deepslate_tile_slab":229,"minecraft:tuff":1299,"minecraft:beehive":141,"minecraft:milk_bucket":3,"minecraft:obsidian":192,"minecraft:polished_deepslate_stairs":265,"minecraft:red_sandstone_stairs":3,"minecraft:glass":166,"minecraft:waxed_oxidized_copper":55,"minecraft:crimson_button":27,"minecraft:cyan_terracotta":138,"minecraft:bricks":887,"minecraft:coal_ore":9,"minecraft:quartz_slab":38,"minecraft:spruce_wood":235,"minecraft:lantern":345,"minecraft:blue_orchid":1,"minecraft:polished_blackstone_brick_wall":148,"minecraft:gray_concrete_powder":10,"minecraft:raw_gold_block":10,"minecraft:hopper_minecart":113,"minecraft:stone_bricks":22831,"minecraft:item_frame":405,"minecraft:birch_button":4,"minecraft:birch_trapdoor":128,"minecraft:red_carpet":35,"minecraft:repeater":1881,"minecraft:redstone_lamp":523,"minecraft:red_nether_brick_wall":20,"minecraft:brown_carpet":127,"minecraft:written_book":1239,"minecraft:hay_block":1,"minecraft:scaffolding":141,"minecraft:infested_cracked_stone_bricks":23,"minecraft:jungle_button":1,"minecraft:gray_bed":1,"minecraft:polished_diorite_stairs":180,"minecraft:gold_block":118,"minecraft:skeleton_skull":15,"minecraft:polished_blackstone_stairs":46,"minecraft:stripped_spruce_wood":76,"minecraft:dark_oak_sapling":2,"minecraft:chiseled_polished_blackstone":33,"minecraft:dark_oak_stairs":79,"minecraft:waxed_oxidized_cut_copper_slab":72,"minecraft:end_rod":158,"minecraft:dropper":725,"minecraft:wither_skeleton_skull":6,"minecraft:gray_carpet":221,"minecraft:dark_oak_sign":81,"minecraft:jungle_fence":4,"minecraft:oak_planks":1092,"minecraft:polished_diorite_slab":150,"minecraft:sandstone":183,"minecraft:redstone_block":389,"minecraft:blue_bed":1,"minecraft:white_wool":54,"minecraft:yellow_terracotta":56,"minecraft:infested_chiseled_stone_bricks":2,"minecraft:loom":184,"minecraft:light_blue_wool":4,"minecraft:black_banner":1,"minecraft:light_gray_terracotta":64,"minecraft:yellow_concrete":27,"minecraft:sponge":35,"minecraft:blackstone_wall":7,"minecraft:dripstone_block":79,"minecraft:note_block":150,"minecraft:stone_brick_wall":1385,"minecraft:end_stone":284,"minecraft:cobbled_deepslate_stairs":66,"minecraft:redstone_torch":1573,"minecraft:sticky_piston":977,"minecraft:dead_fire_coral_fan":5,"minecraft:lever":600,"minecraft:blue_glazed_terracotta":21,"minecraft:black_concrete":52,"minecraft:daylight_detector":106,"minecraft:gray_shulker_box":1,"minecraft:dark_oak_log":44,"minecraft:light_gray_concrete":242,"minecraft:lime_carpet":4,"minecraft:heavy_weighted_pressure_plate":60,"minecraft:string":37,"minecraft:warped_slab":278,"minecraft:iron_door":727,"minecraft:deepslate":1782,"minecraft:prismarine_wall":55,"minecraft:gravel":595,"minecraft:blackstone_slab":39,"minecraft:stripped_warped_hyphae":71,"minecraft:jungle_sign":14,"minecraft:pufferfish_bucket":1,"minecraft:dead_horn_coral_fan":10,"minecraft:stripped_oak_wood":262,"minecraft:grindstone":8,"minecraft:waxed_oxidized_cut_copper_stairs":101,"minecraft:andesite":3772,"minecraft:deepslate_coal_ore":56,"minecraft:chain":376,"minecraft:smooth_stone_slab":10142,"minecraft:white_concrete":217,"minecraft:tropical_fish_bucket":2,"minecraft:coarse_dirt":2394,"minecraft:warped_button":14,"minecraft:bone_meal":31,"minecraft:cobweb":1,"minecraft:azalea":46,"minecraft:oak_fence":122,"minecraft:petrified_oak_slab":19,"minecraft:jungle_leaves":24,"minecraft:rose_bush":2,"minecraft:crimson_fence":18,"minecraft:flint_and_steel":17,"minecraft:redstone_ore":2,"minecraft:redstone":6145,"minecraft:spruce_planks":1589,"minecraft:deepslate_gold_ore":2,"minecraft:stripped_birch_wood":11,"minecraft:dried_kelp_block":399,"minecraft:cut_copper_stairs":7,"minecraft:oak_door":27,"minecraft:end_stone_brick_wall":13,"minecraft:dirt":312,"minecraft:spyglass":109,"minecraft:white_carpet":152,"minecraft:hopper":3013,"minecraft:prismarine_bricks":59,"minecraft:spruce_stairs":299,"minecraft:cobblestone_wall":523,"minecraft:oak_wood":72,"minecraft:raw_iron_block":2,"minecraft:pink_carpet":8,"minecraft:warped_pressure_plate":7,"minecraft:spruce_fence":20,"minecraft:granite":54,"minecraft:light_blue_stained_glass":12,"minecraft:birch_door":3,"minecraft:andesite_wall":100,"minecraft:stone_brick_slab":1894,"minecraft:dark_oak_planks":86,"minecraft:bookshelf":338,"minecraft:waxed_cut_copper":45,"minecraft:yellow_stained_glass":53,"minecraft:oak_stairs":309,"minecraft:smooth_sandstone":224,"minecraft:crimson_slab":58,"minecraft:red_candle":5,"minecraft:polished_blackstone_brick_stairs":19,"minecraft:crimson_planks":59,"minecraft:light_gray_wool":20,"minecraft:waxed_cut_copper_slab":188,"minecraft:black_stained_glass":6,"minecraft:emerald_block":6,"minecraft:dark_oak_pressure_plate":1,"minecraft:deepslate_tile_stairs":103,"minecraft:black_dye":3,"minecraft:white_stained_glass_pane":309,"minecraft:minecart":4,"minecraft:stone_pressure_plate":64,"minecraft:red_dye":4,"minecraft:turtle_egg":14,"minecraft:powder_snow_bucket":11,"minecraft:cobbled_deepslate_wall":48,"minecraft:quartz_bricks":185,"minecraft:amethyst_block":241,"minecraft:iron_ore":1,"minecraft:cobblestone_stairs":186,"minecraft:lodestone":131,"minecraft:snow_block":132,"minecraft:glass_bottle":3,"minecraft:cyan_candle":3,"minecraft:polished_andesite":5422,"minecraft:red_nether_bricks":10,"minecraft:copper_block":7,"minecraft:blue_wool":36,"minecraft:andesite_slab":58,"minecraft:purple_glazed_terracotta":28,"minecraft:cut_sandstone":57,"minecraft:spruce_sign":73,"minecraft:white_dye":2,"minecraft:beacon":33,"minecraft:stonecutter":1,"minecraft:green_bed":1,"minecraft:chiseled_nether_bricks":4,"minecraft:cobblestone_slab":182,"minecraft:waxed_copper_block":4,"minecraft:warped_roots":3,"minecraft:glow_item_frame":52,"minecraft:polished_blackstone_pressure_plate":20,"minecraft:rabbit_spawn_egg":2,"minecraft:terracotta":1,"minecraft:stripped_dark_oak_log":81,"minecraft:dark_prismarine_slab":239,"minecraft:light_gray_concrete_powder":50,"minecraft:painting":1232,"minecraft:magenta_carpet":110,"minecraft:infested_stone_bricks":40,"minecraft:warped_planks":587,"minecraft:smoker":2,"minecraft:dark_oak_door":6,"minecraft:nether_gold_ore":36,"minecraft:piston":74,"minecraft:netherite_block":10,"minecraft:flower_pot":159,"minecraft:black_wool":67,"minecraft:acacia_stairs":26,"minecraft:activator_rail":43,"minecraft:command_block":72,"minecraft:cracked_polished_blackstone_bricks":8,"minecraft:gray_candle":1,"minecraft:map":16,"minecraft:jungle_stairs":14,"minecraft:stone_slab":679,"minecraft:acacia_fence_gate":5,"minecraft:stripped_crimson_hyphae":551,"minecraft:cobbled_deepslate_slab":689,"minecraft:cyan_stained_glass_pane":44,"minecraft:white_banner":23,"minecraft:lapis_block":6,"minecraft:jungle_door":9,"minecraft:chain_command_block":82,"minecraft:bucket":70,"minecraft:magenta_glazed_terracotta":5,"minecraft:polished_blackstone_button":492,"minecraft:sea_pickle":291,"minecraft:purple_carpet":49,"minecraft:gray_wool":60,"minecraft:smooth_stone":2780,"minecraft:splash_potion":4,"minecraft:soul_torch":6,"minecraft:birch_stairs":88},"minecraft:dropped":{"minecraft:emerald_ore":3,"minecraft:rooted_dirt":2,"minecraft:quartz_pillar":1,"minecraft:rail":1,"minecraft:leather_helmet":2,"minecraft:item_frame":1,"minecraft:dirt":1,"minecraft:stone_button":1,"minecraft:dark_oak_trapdoor":1,"minecraft:jungle_sapling":1,"minecraft:writable_book":74,"minecraft:bone_meal":4,"minecraft:sand":1,"minecraft:dark_oak_planks":1,"minecraft:diorite_slab":12,"minecraft:note_block":65,"minecraft:polished_andesite_slab":3,"minecraft:cobbled_deepslate":12,"minecraft:black_carpet":6,"minecraft:pink_dye":13,"minecraft:birch_sapling":2,"minecraft:obsidian":1,"minecraft:rotten_flesh":101,"minecraft:oak_planks":1,"minecraft:warped_sign":2,"minecraft:deepslate_emerald_ore":1,"minecraft:deepslate_copper_ore":1,"minecraft:hopper":4,"minecraft:leather_boots":1,"minecraft:painting":7,"minecraft:campfire":1,"minecraft:podzol":1,"minecraft:stone_brick_stairs":4,"minecraft:deepslate_redstone_ore":1,"minecraft:dripstone_block":1,"minecraft:cobblestone":1,"minecraft:apple":1,"minecraft:granite":2,"minecraft:command_block":1,"minecraft:polished_blackstone_button":91,"minecraft:polished_andesite":2,"minecraft:acacia_sign":1,"minecraft:sponge":1,"minecraft:dead_bush":1,"minecraft:orange_concrete_powder":5,"minecraft:smooth_stone":5,"minecraft:iron_shovel":2,"minecraft:paper":84,"minecraft:acacia_planks":1,"minecraft:gray_carpet":1,"minecraft:spruce_sapling":2,"minecraft:stone_brick_slab":9,"minecraft:redstone_ore":1,"minecraft:player_head":93,"minecraft:polished_diorite_slab":1,"minecraft:dark_oak_sign":1,"minecraft:smooth_stone_slab":1,"minecraft:deepslate":1,"minecraft:sticky_piston":1,"minecraft:stone_slab":1,"minecraft:name_tag":1630,"minecraft:oak_sign":2,"minecraft:pumpkin_seeds":64,"minecraft:stone":94,"minecraft:flower_pot":1,"minecraft:spruce_trapdoor":1,"minecraft:spruce_planks":1,"minecraft:redstone_torch":2,"minecraft:stone_pressure_plate":3,"minecraft:barrel":1,"minecraft:stone_bricks":9,"minecraft:bamboo":1,"minecraft:gold_ore":1,"minecraft:crimson_nylium":2,"minecraft:birch_planks":1,"minecraft:purple_glazed_terracotta":1,"minecraft:stripped_birch_wood":2,"minecraft:jungle_planks":1,"minecraft:black_banner":16,"minecraft:cobblestone_stairs":2,"minecraft:warped_pressure_plate":1,"minecraft:deepslate_gold_ore":1,"minecraft:jungle_sign":2,"minecraft:armor_stand":1,"minecraft:soul_lantern":110,"minecraft:beehive":1,"minecraft:honey_bottle":8,"minecraft:poppy":6,"minecraft:oak_fence_gate":64,"minecraft:birch_button":192,"minecraft:iron_bars":1,"minecraft:powered_rail":1,"minecraft:scaffolding":1,"minecraft:written_book":897,"minecraft:polished_granite":2,"minecraft:bread":9,"minecraft:deepslate_iron_ore":2,"minecraft:observer":2,"minecraft:hopper_minecart":1,"minecraft:grass_block":1,"minecraft:diorite":1,"minecraft:repeater":2,"minecraft:iron_door":1,"minecraft:crimson_sign":1,"minecraft:light_blue_stained_glass_pane":2,"minecraft:redstone_block":1,"minecraft:redstone":3,"minecraft:polished_deepslate":2,"minecraft:polished_diorite":1,"minecraft:warped_nylium":1,"minecraft:coarse_dirt":1,"minecraft:tuff":2,"minecraft:composter":2,"minecraft:comparator":1,"minecraft:copper_ore":1,"minecraft:filled_map":1,"minecraft:andesite":1,"minecraft:quartz_stairs":1,"minecraft:oak_sapling":2,"minecraft:calcite":6}},"DataVersion":3120}