{"stats":{"minecraft:custom":{"minecraft:jump":54,"minecraft:damage_dealt":347,"minecraft:time_since_rest":155175,"minecraft:crouch_one_cm":26122,"minecraft:damage_taken":7799,"minecraft:leave_game":6,"minecraft:play_time":204285,"minecraft:time_since_death":155143,"minecraft:walk_one_cm":453367,"minecraft:deaths":13,"minecraft:sneak_time":26661,"minecraft:total_world_time":204285,"minecraft:fall_one_cm":58874,"minecraft:drop":11,"minecraft:fly_one_cm":944,"minecraft:player_kills":4},"minecraft:picked_up":{"minecraft:yellow_dye":10,"minecraft:cobblestone":1},"minecraft:dropped":{"minecraft:cobblestone":1,"minecraft:yellow_dye":10},"minecraft:killed_by":{"minecraft:zombie":1,"minecraft:player":1,"minecraft:creeper":1}},"DataVersion":3839}