{"stats":{"minecraft:custom":{"minecraft:jump":33,"minecraft:time_since_rest":19680,"minecraft:damage_dealt":185,"minecraft:crouch_one_cm":4387,"minecraft:walk_one_cm":92342,"minecraft:play_time":29467,"minecraft:damage_taken":465,"minecraft:time_since_death":19650,"minecraft:deaths":2,"minecraft:sneak_time":1994,"minecraft:total_world_time":29467,"minecraft:drop":9,"minecraft:fall_one_cm":756,"minecraft:fly_one_cm":508,"minecraft:player_kills":2},"minecraft:picked_up":{"minecraft:yellow_dye":7},"minecraft:dropped":{"minecraft:yellow_dye":9},"minecraft:killed_by":{"minecraft:zombie":1}},"DataVersion":3839}