{"stats":{"minecraft:custom":{"minecraft:jump":54,"minecraft:time_since_rest":2682,"minecraft:damage_dealt":347,"minecraft:crouch_one_cm":8211,"minecraft:damage_taken":7653,"minecraft:leave_game":1,"minecraft:play_time":51792,"minecraft:time_since_death":2650,"minecraft:walk_one_cm":144037,"minecraft:deaths":13,"minecraft:sneak_time":5751,"minecraft:total_world_time":51792,"minecraft:fall_one_cm":58874,"minecraft:drop":10,"minecraft:fly_one_cm":770,"minecraft:player_kills":4},"minecraft:picked_up":{"minecraft:yellow_dye":9,"minecraft:cobblestone":1},"minecraft:dropped":{"minecraft:cobblestone":1,"minecraft:yellow_dye":9},"minecraft:killed_by":{"minecraft:player":1,"minecraft:zombie":1,"minecraft:creeper":1}},"DataVersion":3839}