{"stats":{"minecraft:custom":{"minecraft:jump":54,"minecraft:damage_dealt":347,"minecraft:time_since_rest":119320,"minecraft:crouch_one_cm":17736,"minecraft:damage_taken":7799,"minecraft:leave_game":6,"minecraft:play_time":168430,"minecraft:time_since_death":119288,"minecraft:walk_one_cm":356121,"minecraft:deaths":13,"minecraft:sneak_time":18250,"minecraft:total_world_time":168430,"minecraft:fall_one_cm":58874,"minecraft:drop":10,"minecraft:fly_one_cm":944,"minecraft:player_kills":4},"minecraft:picked_up":{"minecraft:yellow_dye":9,"minecraft:cobblestone":1},"minecraft:dropped":{"minecraft:cobblestone":1,"minecraft:yellow_dye":9},"minecraft:killed_by":{"minecraft:zombie":1,"minecraft:player":1,"minecraft:creeper":1}},"DataVersion":3839}