{"stats":{"minecraft:custom":{"minecraft:jump":54,"minecraft:time_since_rest":14682,"minecraft:damage_dealt":347,"minecraft:crouch_one_cm":10350,"minecraft:damage_taken":7799,"minecraft:leave_game":1,"minecraft:play_time":63792,"minecraft:time_since_death":14650,"minecraft:walk_one_cm":169324,"minecraft:deaths":13,"minecraft:sneak_time":8914,"minecraft:total_world_time":63792,"minecraft:fall_one_cm":58874,"minecraft:drop":10,"minecraft:fly_one_cm":944,"minecraft:player_kills":4},"minecraft:picked_up":{"minecraft:yellow_dye":9,"minecraft:cobblestone":1},"minecraft:dropped":{"minecraft:cobblestone":1,"minecraft:yellow_dye":9},"minecraft:killed_by":{"minecraft:player":1,"minecraft:zombie":1,"minecraft:creeper":1}},"DataVersion":3839}