{"stats":{"minecraft:custom":{"minecraft:jump":38,"minecraft:time_since_rest":4196,"minecraft:damage_dealt":194,"minecraft:crouch_one_cm":5717,"minecraft:damage_taken":676,"minecraft:leave_game":1,"minecraft:play_time":40502,"minecraft:time_since_death":4062,"minecraft:walk_one_cm":121076,"minecraft:deaths":3,"minecraft:sneak_time":3138,"minecraft:total_world_time":40502,"minecraft:fall_one_cm":756,"minecraft:drop":10,"minecraft:fly_one_cm":695,"minecraft:player_kills":2},"minecraft:picked_up":{"minecraft:yellow_dye":8,"minecraft:cobblestone":1},"minecraft:dropped":{"minecraft:cobblestone":1,"minecraft:yellow_dye":9},"minecraft:killed_by":{"minecraft:zombie":1,"minecraft:creeper":1}},"DataVersion":3839}