{"stats":{"minecraft:custom":{"minecraft:jump":32,"minecraft:time_since_rest":7680,"minecraft:damage_dealt":150,"minecraft:crouch_one_cm":2472,"minecraft:walk_one_cm":63059,"minecraft:play_time":17467,"minecraft:damage_taken":455,"minecraft:time_since_death":7650,"minecraft:deaths":2,"minecraft:sneak_time":494,"minecraft:total_world_time":17467,"minecraft:drop":9,"minecraft:fall_one_cm":756,"minecraft:fly_one_cm":508,"minecraft:player_kills":1},"minecraft:picked_up":{"minecraft:yellow_dye":7},"minecraft:dropped":{"minecraft:yellow_dye":9},"minecraft:killed_by":{"minecraft:zombie":1}},"DataVersion":3839}