{"stats":{"minecraft:custom":{"minecraft:jump":9,"minecraft:time_since_rest":5333,"minecraft:damage_dealt":20,"minecraft:crouch_one_cm":941,"minecraft:walk_one_cm":22941,"minecraft:play_time":5467,"minecraft:damage_taken":260,"minecraft:time_since_death":5249,"minecraft:deaths":1,"minecraft:sneak_time":246,"minecraft:total_world_time":5467,"minecraft:drop":1,"minecraft:fall_one_cm":756},"minecraft:picked_up":{"minecraft:yellow_dye":1},"minecraft:dropped":{"minecraft:yellow_dye":1}},"DataVersion":3839}