{"stats":{"minecraft:killed_by":{"minecraft:player":1},"minecraft:used":{"minecraft:crossbow":891,"minecraft:carrot_on_a_stick":1},"minecraft:picked_up":{"minecraft:crossbow":1,"minecraft:golden_helmet":1,"minecraft:golden_boots":2,"minecraft:carrot_on_a_stick":2},"minecraft:custom":{"minecraft:jump":194,"minecraft:time_since_rest":43054,"minecraft:damage_dealt":349,"minecraft:damage_taken":1220,"minecraft:crouch_one_cm":1789,"minecraft:leave_game":2,"minecraft:play_time":51031,"minecraft:sprint_one_cm":340189,"minecraft:time_since_death":42990,"minecraft:walk_one_cm":114429,"minecraft:deaths":4,"minecraft:sneak_time":2846,"minecraft:total_world_time":51031,"minecraft:fall_one_cm":14053,"minecraft:fly_one_cm":62855,"minecraft:player_kills":1}},"DataVersion":3337}