{"stats":{"minecraft:used":{"minecraft:cobbled_deepslate_wall":1,"minecraft:diorite_stairs":6,"minecraft:trident":153,"minecraft:water_bucket":41,"minecraft:netherite_sword":13,"minecraft:iron_bars":4,"minecraft:spruce_door":1,"minecraft:light_gray_stained_glass_pane":5,"minecraft:snow_block":1006,"minecraft:redstone":1,"minecraft:dispenser":1,"minecraft:acacia_trapdoor":1,"minecraft:polished_andesite":67,"minecraft:andesite_slab":84,"minecraft:spruce_planks":51,"minecraft:stone":233,"minecraft:redstone_block":13,"minecraft:player_head":16,"minecraft:cracked_stone_bricks":17,"minecraft:sculk_sensor":1,"minecraft:oak_leaves":80,"minecraft:spruce_leaves":63,"minecraft:torch":1,"minecraft:dirt":1,"minecraft:rail":1,"minecraft:hopper":3,"minecraft:spruce_stairs":10,"minecraft:crossbow":336,"minecraft:sponge":2,"minecraft:light_gray_concrete_powder":89,"minecraft:tuff":11,"minecraft:spruce_fence":80,"minecraft:lightning_rod":3,"minecraft:andesite_wall":44,"minecraft:wooden_hoe":32,"minecraft:lever":6,"minecraft:diamond_pickaxe":2,"minecraft:flowering_azalea":1,"minecraft:chipped_anvil":3,"minecraft:firework_rocket":12,"minecraft:command_block":14,"minecraft:spruce_wood":72,"minecraft:grass_block":66,"minecraft:string":12,"minecraft:tnt_minecart":1,"minecraft:dark_oak_leaves":6,"minecraft:dark_oak_wood":56,"minecraft:stone_slab":13,"minecraft:spruce_trapdoor":5,"minecraft:iron_door":3,"minecraft:deepslate":177,"minecraft:stone_bricks":126,"minecraft:golden_sword":3,"minecraft:tripwire_hook":3,"minecraft:bow":53,"minecraft:exposed_cut_copper":7,"minecraft:andesite_stairs":6,"minecraft:andesite":528,"minecraft:chain":7,"minecraft:repeating_command_block":10,"minecraft:goat_spawn_egg":2,"minecraft:air":1,"minecraft:husk_spawn_egg":2,"minecraft:observer":18,"minecraft:turtle_egg":72,"minecraft:golden_axe":9,"minecraft:bone_meal":3,"minecraft:splash_potion":137},"minecraft:mined":{"minecraft:ice":1,"minecraft:birch_leaves":3},"minecraft:killed_by":{"minecraft:player":17,"minecraft:skeleton":1,"minecraft:zombie":1,"minecraft:ravager":1},"minecraft:dropped":{"minecraft:snow_block":1,"minecraft:black_carpet":3,"minecraft:dripstone_block":1,"minecraft:netherite_sword":1,"minecraft:torch":1,"minecraft:bundle":3,"minecraft:iron_axe":1,"minecraft:black_concrete":1,"minecraft:string":1},"minecraft:broken":{"minecraft:wooden_hoe":1,"minecraft:crossbow":1},"minecraft:picked_up":{"minecraft:black_carpet":1,"minecraft:string":1,"minecraft:iron_axe":1,"minecraft:cracked_stone_bricks":1,"minecraft:oak_boat":1,"minecraft:torch":1,"minecraft:golden_axe":1,"minecraft:snow_block":1,"minecraft:bundle":2,"minecraft:black_concrete":1,"minecraft:golden_hoe":1},"minecraft:killed":{"minecraft:wolf":1,"minecraft:husk":1,"minecraft:parrot":2,"minecraft:elder_guardian":1,"minecraft:bat":85,"minecraft:phantom":10,"minecraft:horse":1,"minecraft:skeleton":6,"minecraft:pillager":2,"minecraft:goat":2,"minecraft:zombie":4,"minecraft:fox":1,"minecraft:chicken":1,"minecraft:llama":11,"minecraft:axolotl":3},"minecraft:custom":{"minecraft:mob_kills":131,"minecraft:inspect_hopper":1,"minecraft:leave_game":5,"minecraft:time_since_death":3690,"minecraft:climb_one_cm":1904,"minecraft:time_since_rest":3692,"minecraft:sprint_one_cm":357388,"minecraft:damage_taken":9488,"minecraft:walk_one_cm":344025,"minecraft:drop":13,"minecraft:minecart_one_cm":793,"minecraft:damage_dealt":4298,"minecraft:fly_one_cm":4660717,"minecraft:player_kills":24,"minecraft:open_chest":1,"minecraft:crouch_one_cm":43205,"minecraft:play_time":597260,"minecraft:deaths":34,"minecraft:sneak_time":20857,"minecraft:walk_under_water_one_cm":210,"minecraft:jump":2115,"minecraft:walk_on_water_one_cm":30503,"minecraft:total_world_time":597260,"minecraft:fall_one_cm":20311,"minecraft:inspect_dispenser":1,"minecraft:horse_one_cm":6457}},"DataVersion":2865}