{"stats":{"minecraft:dropped":{"minecraft:snow_block":2,"minecraft:spruce_sign":3,"minecraft:repeating_command_block":4,"minecraft:black_carpet":1,"minecraft:netherite_sword":1,"minecraft:golden_axe":3,"minecraft:cracked_stone_bricks":2,"minecraft:command_block":4,"minecraft:spruce_stairs":11,"minecraft:grass_block":1,"minecraft:carrot_on_a_stick":1,"minecraft:spruce_leaves":1,"minecraft:stone":1,"minecraft:trident":2,"minecraft:bundle":2,"minecraft:powder_snow_bucket":1,"minecraft:repeater":1,"minecraft:andesite":2,"minecraft:ladder":1,"minecraft:brown_carpet":1,"minecraft:golden_hoe":1,"minecraft:spruce_log":2,"minecraft:iron_bars":1,"minecraft:iron_axe":1,"minecraft:black_concrete":2,"minecraft:paper":1},"minecraft:mined":{"minecraft:powder_snow":2},"minecraft:killed":{"minecraft:cat":6,"minecraft:wolf":1,"minecraft:parrot":4,"minecraft:husk":2,"minecraft:slime":21,"minecraft:ravager":4,"minecraft:shulker":5,"minecraft:skeleton":3,"minecraft:bee":1,"minecraft:zombie":5,"minecraft:llama":1,"minecraft:drowned":1},"minecraft:used":{"minecraft:oak_fence":30,"minecraft:trident":303,"minecraft:nether_brick_fence":14,"minecraft:water_bucket":5,"minecraft:netherite_sword":92,"minecraft:end_rod":12,"minecraft:iron_bars":7,"minecraft:brick_wall":3,"minecraft:snow_block":670,"minecraft:ladder":24,"minecraft:spruce_slab":72,"minecraft:red_concrete":27,"minecraft:acacia_trapdoor":9,"minecraft:redstone":131,"minecraft:powered_rail":14,"minecraft:carrot_on_a_stick":23,"minecraft:jungle_fence":20,"minecraft:elytra":1,"minecraft:andesite_slab":56,"minecraft:chest":2,"minecraft:spruce_planks":198,"minecraft:stone":190,"minecraft:redstone_block":3,"minecraft:spruce_sign":14,"minecraft:warped_sign":2,"minecraft:cracked_stone_bricks":35,"minecraft:sculk_sensor":20,"minecraft:debug_stick":253,"minecraft:oak_door":2,"minecraft:spruce_leaves":8,"minecraft:ancient_debris":14,"minecraft:dirt":14,"minecraft:sand":18,"minecraft:rail":10,"minecraft:oak_slab":22,"minecraft:hopper":1,"minecraft:spruce_stairs":5,"minecraft:jungle_slab":20,"minecraft:light_gray_concrete_powder":15,"minecraft:dripstone_block":49,"minecraft:jungle_trapdoor":11,"minecraft:tuff":11,"minecraft:granite":3,"minecraft:snowball":32,"minecraft:spruce_log":6,"minecraft:lightning_rod":1,"minecraft:andesite_wall":5,"minecraft:redstone_torch":5,"minecraft:sticky_piston":5,"minecraft:wooden_axe":19,"minecraft:lever":9,"minecraft:black_concrete":11,"minecraft:bricks":5,"minecraft:firework_rocket":6,"minecraft:command_block":121,"minecraft:grass_block":9,"minecraft:stone_button":1,"minecraft:brick_stairs":1,"minecraft:string":4,"minecraft:barrier":31,"minecraft:dark_oak_slab":30,"minecraft:polished_granite":9,"minecraft:spruce_trapdoor":2,"minecraft:iron_door":2,"minecraft:diamond_ore":1,"minecraft:dark_oak_button":4,"minecraft:deepslate":90,"minecraft:stone_bricks":3,"minecraft:birch_button":4,"minecraft:birch_trapdoor":2,"minecraft:repeater":76,"minecraft:snow":136,"minecraft:goat_horn":5,"minecraft:dark_oak_fence":91,"minecraft:minecart":3,"minecraft:andesite":46,"minecraft:andesite_stairs":10,"minecraft:bucket":7,"minecraft:repeating_command_block":71,"minecraft:granite_wall":1,"minecraft:cobbled_deepslate":1,"minecraft:turtle_egg":26,"minecraft:powder_snow_bucket":14,"minecraft:cobweb":1},"minecraft:custom":{"minecraft:mob_kills":61,"minecraft:open_barrel":4,"minecraft:leave_game":20,"minecraft:time_since_death":804190,"minecraft:climb_one_cm":1096,"minecraft:damage_resisted":939008,"minecraft:time_since_rest":804191,"minecraft:sprint_one_cm":178919,"minecraft:damage_taken":25399,"minecraft:walk_one_cm":489237,"minecraft:drop":53,"minecraft:damage_dealt":9604,"minecraft:minecart_one_cm":1651699,"minecraft:player_kills":5,"minecraft:talked_to_villager":28,"minecraft:fly_one_cm":2103021,"minecraft:pig_one_cm":1142,"minecraft:crouch_one_cm":111696,"minecraft:play_time":1853104,"minecraft:deaths":30,"minecraft:sneak_time":50139,"minecraft:walk_under_water_one_cm":576,"minecraft:boat_one_cm":2002,"minecraft:aviate_one_cm":85698,"minecraft:jump":2327,"minecraft:walk_on_water_one_cm":22544,"minecraft:total_world_time":1853104,"minecraft:fall_one_cm":36621,"minecraft:horse_one_cm":6490},"minecraft:picked_up":{"minecraft:black_carpet":1,"minecraft:andesite":2,"minecraft:cobblestone_stairs":1,"minecraft:iron_axe":1,"minecraft:flint_and_steel":1,"minecraft:armor_stand":1,"minecraft:cracked_stone_bricks":1,"minecraft:netherite_sword":1,"minecraft:spruce_planks":1,"minecraft:chest":1,"minecraft:spruce_stairs":11,"minecraft:dripstone_block":1,"minecraft:sand":14,"minecraft:golden_axe":2,"minecraft:trident":2,"minecraft:jungle_slab":1,"minecraft:goat_horn":1,"minecraft:bundle":2,"minecraft:repeating_command_block":2,"minecraft:black_concrete":2,"minecraft:glowstone":1,"minecraft:iron_bars":1},"minecraft:killed_by":{"minecraft:player":24,"minecraft:ravager":1}},"DataVersion":3218}