{"stats":{"minecraft:custom":{"minecraft:jump":14,"minecraft:time_since_rest":1904,"minecraft:leave_game":1,"minecraft:inspect_dropper":1,"minecraft:crouch_one_cm":67,"minecraft:sprint_one_cm":1879,"minecraft:play_time":1904,"minecraft:damage_taken":20,"minecraft:time_since_death":1904,"minecraft:walk_one_cm":6348,"minecraft:sneak_time":29,"minecraft:total_world_time":1904,"minecraft:fall_one_cm":482,"minecraft:fly_one_cm":3169},"minecraft:picked_up":{"minecraft:written_book":2},"minecraft:used":{"minecraft:written_book":1}},"DataVersion":2730}