{"stats":{"minecraft:custom":{"minecraft:mob_kills":30,"minecraft:open_barrel":9,"minecraft:fill_cauldron":1,"minecraft:leave_game":118,"minecraft:time_since_death":3508,"minecraft:climb_one_cm":1240,"minecraft:sprint_one_cm":366207,"minecraft:walk_one_cm":2344305,"minecraft:drop":115,"minecraft:talked_to_villager":2507,"minecraft:play_time":8235224,"minecraft:deaths":47,"minecraft:sneak_time":120169,"minecraft:walk_under_water_one_cm":3777,"minecraft:boat_one_cm":19716,"minecraft:interact_with_lectern":15,"minecraft:jump":4682,"minecraft:walk_on_water_one_cm":27835,"minecraft:total_world_time":8886533,"minecraft:time_since_rest":3508,"minecraft:damage_taken":1890,"minecraft:damage_dealt":4786,"minecraft:fly_one_cm":2593434,"minecraft:open_chest":12,"minecraft:crouch_one_cm":325908,"minecraft:fall_one_cm":645458},"minecraft:mined":{"minecraft:brick_stairs":1,"minecraft:fire":1,"minecraft:slime_block":12},"minecraft:killed":{"minecraft:zombified_piglin":2,"minecraft:slime":12,"minecraft:chicken":1,"minecraft:wolf":4,"minecraft:bat":2,"minecraft:villager":3},"minecraft:dropped":{"minecraft:repeating_command_block":3,"minecraft:magenta_carpet":1,"minecraft:brown_banner":1,"minecraft:carrot_on_a_stick":1,"minecraft:diorite":1,"minecraft:cornflower":4,"minecraft:brown_wool":7,"minecraft:blue_glazed_terracotta":1,"minecraft:iron_pickaxe":1,"minecraft:paper":5,"minecraft:brown_mushroom_block":1,"minecraft:redstone":5,"minecraft:snow_block":6,"minecraft:note_block":2,"minecraft:bricks":2,"minecraft:gray_glazed_terracotta":1,"minecraft:white_carpet":2,"minecraft:debug_stick":1,"minecraft:trident":5,"minecraft:brick_stairs":1,"minecraft:spruce_planks":1,"minecraft:written_book":63},"minecraft:picked_up":{"minecraft:magenta_carpet":1,"minecraft:cornflower":4,"minecraft:item_frame":11,"minecraft:white_carpet":2,"minecraft:spruce_planks":1,"minecraft:written_book":4,"minecraft:iron_pickaxe":1,"minecraft:chest":5184,"minecraft:note_block":2,"minecraft:snow_block":6,"minecraft:trident":3,"minecraft:redstone":3,"minecraft:blue_glazed_terracotta":1,"minecraft:repeating_command_block":1,"minecraft:brick_stairs":1,"minecraft:cobblestone":1,"minecraft:andesite":3,"minecraft:brown_wool":8,"minecraft:carrot_on_a_stick":1,"minecraft:paper":6,"minecraft:gray_glazed_terracotta":1,"minecraft:brown_mushroom_block":1,"minecraft:writable_book":1,"minecraft:birch_sign":1,"minecraft:painting":3,"minecraft:brown_banner":1,"minecraft:bricks":2},"minecraft:used":{"minecraft:orange_dye":2,"minecraft:trident":55,"minecraft:netherite_sword":24,"minecraft:writable_book":8,"minecraft:flint_and_steel":17,"minecraft:light_gray_stained_glass_pane":2,"minecraft:armor_stand":4,"minecraft:carrot_on_a_stick":7,"minecraft:stone_shovel":7,"minecraft:redstone":246,"minecraft:dried_kelp":7,"minecraft:ladder":4,"minecraft:oak_sign":14,"minecraft:spruce_planks":222,"minecraft:chest":3,"minecraft:white_terracotta":137,"minecraft:brown_concrete":2,"minecraft:stone":256,"minecraft:warped_sign":2,"minecraft:player_head":2,"minecraft:debug_stick":81,"minecraft:oak_door":2,"minecraft:spruce_leaves":2,"minecraft:white_carpet":3,"minecraft:light_blue_dye":1,"minecraft:spruce_stairs":33,"minecraft:dead_tube_coral":2,"minecraft:acacia_button":3,"minecraft:snowball":2,"minecraft:stripped_spruce_log":59,"minecraft:milk_bucket":1,"minecraft:obsidian":15,"minecraft:honey_bottle":2,"minecraft:andesite_wall":2,"minecraft:lava_bucket":2,"minecraft:bricks":3,"minecraft:grass_block":55,"minecraft:slime_block":25,"minecraft:birch_sapling":39,"minecraft:brick_stairs":3,"minecraft:dark_oak_button":1,"minecraft:pink_wool":1,"minecraft:barrel":6,"minecraft:stone_bricks":11,"minecraft:item_frame":5,"minecraft:repeater":42,"minecraft:lime_concrete":3,"minecraft:birch_button":2,"minecraft:tripwire_hook":1,"minecraft:red_carpet":2,"minecraft:redstone_lamp":1,"minecraft:brown_carpet":1,"minecraft:snow":20,"minecraft:gray_glazed_terracotta":5,"minecraft:yellow_glazed_terracotta":4,"minecraft:written_book":123,"minecraft:iron_trapdoor":2,"minecraft:jungle_button":5,"minecraft:egg":2,"minecraft:zombified_piglin_spawn_egg":2,"minecraft:dragon_head":7,"minecraft:red_dye":2,"minecraft:powder_snow_bucket":1,"minecraft:turtle_egg":30,"minecraft:ink_sac":2,"minecraft:light_blue_glazed_terracotta":2,"minecraft:spruce_door":5,"minecraft:snow_block":334,"minecraft:birch_planks":3,"minecraft:polished_andesite":2,"minecraft:andesite_slab":20,"minecraft:composter":2,"minecraft:black_glazed_terracotta":1,"minecraft:redstone_block":290,"minecraft:structure_void":1,"minecraft:cauldron":2,"minecraft:glow_ink_sac":10,"minecraft:blue_dye":1,"minecraft:brown_dye":1,"minecraft:comparator":4,"minecraft:green_dye":3,"minecraft:brown_banner":1,"minecraft:birch_sign":41,"minecraft:light_gray_terracotta":134,"minecraft:campfire":8,"minecraft:sponge":1,"minecraft:light_gray_concrete_powder":38,"minecraft:dripstone_block":98,"minecraft:note_block":2,"minecraft:magenta_carpet":1,"minecraft:cake":8,"minecraft:redstone_torch":5,"minecraft:piston":2,"minecraft:blue_glazed_terracotta":4,"minecraft:lever":1,"minecraft:ender_eye":13,"minecraft:light":8,"minecraft:black_concrete":102,"minecraft:dead_fire_coral":2,"minecraft:command_block":309,"minecraft:iron_pickaxe":1,"minecraft:barrier":81,"minecraft:brown_wool":6,"minecraft:stone_button":15,"minecraft:netherite_axe":12,"minecraft:lectern":3,"minecraft:spruce_trapdoor":81,"minecraft:iron_door":5,"minecraft:spruce_sapling":3,"minecraft:dead_horn_coral":3,"minecraft:cobblestone":2,"minecraft:white_banner":9,"minecraft:dark_oak_fence":73,"minecraft:andesite":400,"minecraft:andesite_stairs":5,"minecraft:chain_command_block":4,"minecraft:chain":32,"minecraft:repeating_command_block":210,"minecraft:end_portal_frame":15,"minecraft:polished_blackstone_button":6,"minecraft:coarse_dirt":4,"minecraft:warped_button":2,"minecraft:brown_mushroom_block":36,"minecraft:bone_meal":86}},"DataVersion":2865}