{"stats":{"minecraft:used":{"minecraft:podzol":117,"minecraft:repeating_command_block":4,"minecraft:andesite":318,"minecraft:spruce_planks":1,"minecraft:diorite":560,"minecraft:iron_bars":14,"minecraft:bricks":95,"minecraft:cobblestone":1,"minecraft:snow_block":165},"minecraft:custom":{"minecraft:jump":44,"minecraft:time_since_rest":55967,"minecraft:damage_dealt":15,"minecraft:crouch_one_cm":1702,"minecraft:leave_game":3,"minecraft:play_time":55967,"minecraft:sprint_one_cm":688,"minecraft:time_since_death":55967,"minecraft:walk_one_cm":22519,"minecraft:sneak_time":2300,"minecraft:total_world_time":66563,"minecraft:fly_one_cm":204664}},"DataVersion":3218}