{"stats":{"minecraft:picked_up":{"minecraft:yellow_dye":2},"minecraft:dropped":{"minecraft:yellow_dye":14},"minecraft:used":{"minecraft:waxed_exposed_cut_copper_slab":2,"minecraft:black_concrete":11,"minecraft:purpur_stairs":7,"minecraft:bricks":1,"minecraft:snow":2,"minecraft:snow_block":1,"minecraft:command_block":1,"minecraft:spruce_slab":1,"minecraft:pink_stained_glass":1,"minecraft:white_concrete":3,"minecraft:player_head":4},"minecraft:custom":{"minecraft:time_since_rest":28667,"minecraft:crouch_one_cm":79942,"minecraft:sprint_one_cm":103714,"minecraft:play_time":1134688,"minecraft:deaths":1,"minecraft:damage_taken":230,"minecraft:walk_one_cm":1059292,"minecraft:sneak_time":7480,"minecraft:drop":14,"minecraft:jump":56,"minecraft:damage_dealt":10,"minecraft:leave_game":19,"minecraft:time_since_death":28666,"minecraft:total_world_time":1298034,"minecraft:talked_to_villager":1,"minecraft:fall_one_cm":18702,"minecraft:fly_one_cm":348508}},"DataVersion":3839}