{"stats":{"minecraft:custom":{"minecraft:jump":23,"minecraft:sprint_one_cm":535,"minecraft:time_since_rest":4318,"minecraft:damage_dealt":35,"minecraft:crouch_one_cm":7320,"minecraft:damage_taken":3416,"minecraft:leave_game":1,"minecraft:play_time":82410,"minecraft:time_since_death":4287,"minecraft:walk_one_cm":207152,"minecraft:deaths":4,"minecraft:sneak_time":3076,"minecraft:total_world_time":82410,"minecraft:fall_one_cm":27028,"minecraft:drop":10,"minecraft:fly_one_cm":742},"minecraft:picked_up":{"minecraft:yellow_dye":16},"minecraft:dropped":{"minecraft:yellow_dye":10},"minecraft:killed_by":{"minecraft:player":1,"minecraft:zombie":1}},"DataVersion":3839}