{"stats":{"minecraft:picked_up":{"minecraft:leather_chestplate":1,"minecraft:leather_boots":1,"minecraft:leather_leggings":1,"minecraft:painting":4,"minecraft:written_book":1,"minecraft:bread":71,"minecraft:pink_dye":3,"minecraft:barrel":1},"minecraft:custom":{"minecraft:open_barrel":13,"minecraft:time_since_rest":41698,"minecraft:open_chest":2,"minecraft:play_time":41698,"minecraft:inspect_dropper":1,"minecraft:crouch_one_cm":1535,"minecraft:sprint_one_cm":61740,"minecraft:damage_taken":358,"minecraft:walk_one_cm":100612,"minecraft:sneak_time":1022,"minecraft:drop":10,"minecraft:interact_with_lectern":12,"minecraft:jump":517,"minecraft:inspect_hopper":1,"minecraft:damage_dealt":17,"minecraft:time_since_death":41698,"minecraft:climb_one_cm":2089,"minecraft:interact_with_smoker":4,"minecraft:total_world_time":41698,"minecraft:interact_with_crafting_table":4,"minecraft:fall_one_cm":24306,"minecraft:tune_noteblock":4,"minecraft:fly_one_cm":23485},"minecraft:used":{"minecraft:leather_leggings":1,"minecraft:spyglass":8,"minecraft:written_book":3,"minecraft:bread":8,"minecraft:leather_chestplate":1,"minecraft:leather_boots":1},"minecraft:dropped":{"minecraft:bread":7,"minecraft:painting":3}},"DataVersion":2975}