{"stats":{"minecraft:used":{"minecraft:carrot_on_a_stick":13,"minecraft:crossbow":893},"minecraft:picked_up":{"minecraft:crossbow":1,"minecraft:iron_chestplate":1,"minecraft:golden_leggings":1,"minecraft:carrot_on_a_stick":11},"minecraft:custom":{"minecraft:jump":842,"minecraft:time_since_rest":70762,"minecraft:damage_dealt":31,"minecraft:damage_taken":1465,"minecraft:crouch_one_cm":115,"minecraft:leave_game":2,"minecraft:play_time":98990,"minecraft:sprint_one_cm":269365,"minecraft:time_since_death":70737,"minecraft:walk_one_cm":97267,"minecraft:deaths":4,"minecraft:sneak_time":1022,"minecraft:total_world_time":98990,"minecraft:fall_one_cm":33284,"minecraft:fly_one_cm":428946,"minecraft:player_kills":1}},"DataVersion":3337}