{"stats":{"minecraft:picked_up":{"minecraft:leather_chestplate":1,"minecraft:leather_boots":1,"minecraft:leather_leggings":1,"minecraft:painting":4,"minecraft:written_book":1,"minecraft:bread":71,"minecraft:pink_dye":3,"minecraft:barrel":1},"minecraft:custom":{"minecraft:open_barrel":22,"minecraft:time_since_rest":53698,"minecraft:open_chest":2,"minecraft:play_time":53698,"minecraft:inspect_dropper":1,"minecraft:crouch_one_cm":2765,"minecraft:sprint_one_cm":75231,"minecraft:damage_taken":546,"minecraft:walk_one_cm":133218,"minecraft:sneak_time":2028,"minecraft:drop":10,"minecraft:interact_with_lectern":12,"minecraft:jump":699,"minecraft:inspect_hopper":1,"minecraft:damage_dealt":17,"minecraft:walk_on_water_one_cm":75,"minecraft:time_since_death":53698,"minecraft:climb_one_cm":3407,"minecraft:interact_with_smoker":4,"minecraft:total_world_time":53698,"minecraft:interact_with_crafting_table":5,"minecraft:fall_one_cm":35851,"minecraft:tune_noteblock":9,"minecraft:fly_one_cm":24123},"minecraft:used":{"minecraft:leather_leggings":1,"minecraft:spyglass":8,"minecraft:written_book":3,"minecraft:bread":13,"minecraft:leather_chestplate":1,"minecraft:leather_boots":1},"minecraft:dropped":{"minecraft:bread":7,"minecraft:painting":3}},"DataVersion":2975}