{"stats":{"minecraft:custom":{"minecraft:jump":32,"minecraft:damage_dealt":89,"minecraft:time_since_rest":16569,"minecraft:damage_taken":3626,"minecraft:crouch_one_cm":18389,"minecraft:leave_game":2,"minecraft:play_time":129127,"minecraft:sprint_one_cm":19838,"minecraft:time_since_death":16493,"minecraft:walk_one_cm":313152,"minecraft:deaths":5,"minecraft:sneak_time":8770,"minecraft:total_world_time":129127,"minecraft:walk_under_water_one_cm":1913,"minecraft:fall_one_cm":27028,"minecraft:drop":11,"minecraft:fly_one_cm":32047,"minecraft:walk_on_water_one_cm":137},"minecraft:picked_up":{"minecraft:yellow_dye":18},"minecraft:dropped":{"minecraft:yellow_dye":11},"minecraft:killed_by":{"minecraft:zombie":1,"minecraft:player":2}},"DataVersion":3839}