{"stats":{"minecraft:custom":{"minecraft:jump":32,"minecraft:damage_dealt":89,"minecraft:time_since_rest":28569,"minecraft:damage_taken":3626,"minecraft:crouch_one_cm":18390,"minecraft:leave_game":2,"minecraft:play_time":141127,"minecraft:sprint_one_cm":22696,"minecraft:time_since_death":28493,"minecraft:walk_one_cm":325302,"minecraft:deaths":5,"minecraft:sneak_time":8814,"minecraft:total_world_time":141127,"minecraft:walk_under_water_one_cm":1913,"minecraft:fall_one_cm":27028,"minecraft:drop":11,"minecraft:fly_one_cm":32047,"minecraft:walk_on_water_one_cm":137},"minecraft:picked_up":{"minecraft:yellow_dye":18},"minecraft:dropped":{"minecraft:yellow_dye":11},"minecraft:killed_by":{"minecraft:zombie":1,"minecraft:player":2}},"DataVersion":3839}