{"stats":{"minecraft:custom":{"minecraft:jump":32,"minecraft:damage_taken":3626,"minecraft:time_since_rest":53795,"minecraft:leave_game":6,"minecraft:crouch_one_cm":20685,"minecraft:time_since_death":53719,"minecraft:play_time":166353,"minecraft:sprint_one_cm":22696,"minecraft:walk_one_cm":359811,"minecraft:walk_on_water_one_cm":137,"minecraft:deaths":5,"minecraft:sneak_time":9366,"minecraft:total_world_time":166353,"minecraft:walk_under_water_one_cm":1913,"minecraft:fall_one_cm":27028,"minecraft:drop":11,"minecraft:fly_one_cm":32047,"minecraft:damage_dealt":89},"minecraft:picked_up":{"minecraft:yellow_dye":18},"minecraft:dropped":{"minecraft:yellow_dye":11},"minecraft:killed_by":{"minecraft:zombie":1,"minecraft:player":2}},"DataVersion":3839}