{"stats":{"minecraft:custom":{"minecraft:jump":32,"minecraft:damage_taken":3626,"minecraft:time_since_rest":142929,"minecraft:leave_game":7,"minecraft:crouch_one_cm":34017,"minecraft:time_since_death":142853,"minecraft:play_time":255487,"minecraft:sprint_one_cm":22696,"minecraft:walk_one_cm":690975,"minecraft:walk_on_water_one_cm":137,"minecraft:deaths":5,"minecraft:sneak_time":12470,"minecraft:total_world_time":255487,"minecraft:walk_under_water_one_cm":1913,"minecraft:fall_one_cm":27028,"minecraft:drop":12,"minecraft:fly_one_cm":32047,"minecraft:damage_dealt":89},"minecraft:picked_up":{"minecraft:yellow_dye":24},"minecraft:dropped":{"minecraft:yellow_dye":12},"minecraft:killed_by":{"minecraft:zombie":1,"minecraft:player":2}},"DataVersion":3839}