{"stats":{"minecraft:custom":{"minecraft:jump":20,"minecraft:time_since_rest":17160,"minecraft:damage_dealt":35,"minecraft:crouch_one_cm":5080,"minecraft:leave_game":1,"minecraft:damage_taken":316,"minecraft:play_time":74037,"minecraft:time_since_death":17076,"minecraft:walk_one_cm":183443,"minecraft:deaths":1,"minecraft:sneak_time":2260,"minecraft:total_world_time":74037,"minecraft:drop":7,"minecraft:fly_one_cm":550},"minecraft:picked_up":{"minecraft:yellow_dye":14},"minecraft:dropped":{"minecraft:yellow_dye":7},"minecraft:killed_by":{"minecraft:zombie":1}},"DataVersion":3839}