{"stats":{"minecraft:used":{"minecraft:carrot_on_a_stick":13,"minecraft:crossbow":893},"minecraft:picked_up":{"minecraft:crossbow":1,"minecraft:iron_chestplate":1,"minecraft:golden_leggings":1,"minecraft:carrot_on_a_stick":11},"minecraft:custom":{"minecraft:jump":840,"minecraft:time_since_rest":51499,"minecraft:damage_dealt":31,"minecraft:damage_taken":1445,"minecraft:crouch_one_cm":115,"minecraft:leave_game":1,"minecraft:play_time":79727,"minecraft:sprint_one_cm":269365,"minecraft:time_since_death":51474,"minecraft:walk_one_cm":96711,"minecraft:deaths":4,"minecraft:sneak_time":1022,"minecraft:total_world_time":79727,"minecraft:fall_one_cm":33284,"minecraft:fly_one_cm":428866,"minecraft:player_kills":1}},"DataVersion":3337}