{"stats":{"minecraft:custom":{"minecraft:jump":24,"minecraft:sprint_one_cm":535,"minecraft:time_since_rest":32301,"minecraft:damage_dealt":35,"minecraft:crouch_one_cm":12860,"minecraft:damage_taken":3426,"minecraft:leave_game":2,"minecraft:play_time":110393,"minecraft:time_since_death":32270,"minecraft:walk_one_cm":296030,"minecraft:deaths":4,"minecraft:sneak_time":7502,"minecraft:total_world_time":110393,"minecraft:fall_one_cm":27028,"minecraft:drop":11,"minecraft:fly_one_cm":742},"minecraft:picked_up":{"minecraft:yellow_dye":18},"minecraft:dropped":{"minecraft:yellow_dye":11},"minecraft:killed_by":{"minecraft:player":1,"minecraft:zombie":1}},"DataVersion":3839}