{"stats":{"minecraft:custom":{"minecraft:jump":32,"minecraft:damage_taken":3626,"minecraft:time_since_rest":39568,"minecraft:leave_game":4,"minecraft:crouch_one_cm":19363,"minecraft:play_time":152126,"minecraft:time_since_death":39492,"minecraft:sprint_one_cm":22696,"minecraft:walk_one_cm":336548,"minecraft:walk_on_water_one_cm":137,"minecraft:deaths":5,"minecraft:sneak_time":9016,"minecraft:total_world_time":152126,"minecraft:walk_under_water_one_cm":1913,"minecraft:fall_one_cm":27028,"minecraft:drop":11,"minecraft:fly_one_cm":32047,"minecraft:damage_dealt":89},"minecraft:picked_up":{"minecraft:yellow_dye":18},"minecraft:dropped":{"minecraft:yellow_dye":11},"minecraft:killed_by":{"minecraft:zombie":1,"minecraft:player":2}},"DataVersion":3839}