{"stats":{"minecraft:custom":{"minecraft:jump":24,"minecraft:sprint_one_cm":535,"minecraft:time_since_rest":16318,"minecraft:damage_dealt":35,"minecraft:crouch_one_cm":10431,"minecraft:damage_taken":3426,"minecraft:leave_game":1,"minecraft:play_time":94410,"minecraft:time_since_death":16287,"minecraft:walk_one_cm":245371,"minecraft:deaths":4,"minecraft:sneak_time":4940,"minecraft:total_world_time":94410,"minecraft:fall_one_cm":27028,"minecraft:drop":10,"minecraft:fly_one_cm":742},"minecraft:picked_up":{"minecraft:yellow_dye":17},"minecraft:dropped":{"minecraft:yellow_dye":10},"minecraft:killed_by":{"minecraft:player":1,"minecraft:zombie":1}},"DataVersion":3839}