{"stats":{"minecraft:custom":{"minecraft:jump":32,"minecraft:damage_taken":3626,"minecraft:time_since_rest":154929,"minecraft:leave_game":7,"minecraft:crouch_one_cm":36007,"minecraft:time_since_death":154853,"minecraft:play_time":267487,"minecraft:sprint_one_cm":22696,"minecraft:walk_one_cm":728155,"minecraft:walk_on_water_one_cm":137,"minecraft:deaths":5,"minecraft:sneak_time":12843,"minecraft:total_world_time":267487,"minecraft:walk_under_water_one_cm":1913,"minecraft:fall_one_cm":27028,"minecraft:drop":16,"minecraft:fly_one_cm":32047,"minecraft:damage_dealt":89},"minecraft:picked_up":{"minecraft:yellow_dye":27},"minecraft:dropped":{"minecraft:yellow_dye":16},"minecraft:killed_by":{"minecraft:zombie":1,"minecraft:player":2}},"DataVersion":3839}