{"stats":{"minecraft:custom":{"minecraft:jump":32,"minecraft:damage_dealt":89,"minecraft:time_since_rest":4569,"minecraft:damage_taken":3480,"minecraft:crouch_one_cm":15262,"minecraft:leave_game":2,"minecraft:play_time":117127,"minecraft:sprint_one_cm":4651,"minecraft:time_since_death":4493,"minecraft:walk_one_cm":305195,"minecraft:deaths":5,"minecraft:sneak_time":7913,"minecraft:total_world_time":117127,"minecraft:walk_under_water_one_cm":1913,"minecraft:fall_one_cm":27028,"minecraft:drop":11,"minecraft:fly_one_cm":31913,"minecraft:walk_on_water_one_cm":137},"minecraft:picked_up":{"minecraft:yellow_dye":18},"minecraft:dropped":{"minecraft:yellow_dye":11},"minecraft:killed_by":{"minecraft:zombie":1,"minecraft:player":2}},"DataVersion":3839}