{"stats":{"minecraft:dropped":{"minecraft:purpur_block":1,"minecraft:netherite_block":1,"minecraft:netherite_sword":3,"minecraft:crossbow":2,"minecraft:totem_of_undying":3},"minecraft:crafted":{"minecraft:firework_star":64,"minecraft:firework_rocket":192},"minecraft:killed":{"minecraft:creeper":1},"minecraft:picked_up":{"minecraft:carrot_on_a_stick":2,"minecraft:purpur_block":1,"minecraft:netherite_block":1,"minecraft:item_frame":1,"minecraft:netherite_sword":2,"minecraft:crossbow":2,"minecraft:totem_of_undying":2,"minecraft:minecart":2},"minecraft:custom":{"minecraft:time_since_rest":24874,"minecraft:sprint_one_cm":1479959,"minecraft:walk_one_cm":606155,"minecraft:damage_taken":3409,"minecraft:mob_kills":1,"minecraft:drop":10,"minecraft:minecart_one_cm":179086,"minecraft:damage_dealt":10521,"minecraft:interact_with_crafting_table":2,"minecraft:fly_one_cm":4299741,"minecraft:player_kills":1,"minecraft:crouch_one_cm":20531,"minecraft:play_time":345902,"minecraft:deaths":8,"minecraft:sneak_time":17444,"minecraft:bell_ring":29,"minecraft:jump":6586,"minecraft:leave_game":20,"minecraft:time_since_death":24854,"minecraft:total_world_time":345902,"minecraft:fall_one_cm":233289},"minecraft:killed_by":{"minecraft:player":1},"minecraft:used":{"minecraft:creeper_spawn_egg":1,"minecraft:netherite_sword":4,"minecraft:purpur_block":397,"minecraft:end_rod":1,"minecraft:honey_block":1,"minecraft:trident":6,"minecraft:netherite_block":645,"minecraft:ender_eye":12,"minecraft:light":21,"minecraft:activator_rail":5,"minecraft:firework_rocket":17,"minecraft:command_block":6,"minecraft:flint_and_steel":1,"minecraft:grass_block":13,"minecraft:powered_rail":18,"minecraft:carrot_on_a_stick":28,"minecraft:oak_sign":3,"minecraft:tnt_minecart":1,"minecraft:magenta_concrete":299,"minecraft:iron_helmet":1,"minecraft:purpur_slab":78,"minecraft:redstone_block":20,"minecraft:structure_void":2,"minecraft:magenta_stained_glass":11,"minecraft:bell":4,"minecraft:smooth_sandstone_stairs":2,"minecraft:yellow_wool":138,"minecraft:item_frame":3,"minecraft:sculk_sensor":4,"minecraft:bedrock":17,"minecraft:debug_stick":72,"minecraft:spyglass":14,"minecraft:dirt":8,"minecraft:purpur_stairs":106,"minecraft:rail":28,"minecraft:bow":2,"minecraft:yellow_terracotta":4,"minecraft:magenta_wool":304,"minecraft:magenta_terracotta":7,"minecraft:crafting_table":1,"minecraft:hopper":1,"minecraft:turtle_helmet":1,"minecraft:goat_horn":4,"minecraft:crossbow":5004,"minecraft:minecart":2,"minecraft:chain_command_block":2,"minecraft:yellow_concrete":110,"minecraft:repeating_command_block":3,"minecraft:end_portal_frame":12,"minecraft:painting":3,"minecraft:lingering_potion":1,"minecraft:obsidian":16,"minecraft:command_block_minecart":3,"minecraft:lightning_rod":1}},"DataVersion":3337}