{"stats":{"minecraft:killed":{"minecraft:wolf":1},"minecraft:picked_up":{"minecraft:spruce_stairs":1,"minecraft:trident":2,"minecraft:paper":1,"minecraft:brown_carpet":1,"minecraft:birch_sign":1},"minecraft:dropped":{"minecraft:snow_block":1,"minecraft:goat_horn":1,"minecraft:trident":2,"minecraft:spruce_planks":1,"minecraft:birch_sign":1,"minecraft:spruce_stairs":1},"minecraft:custom":{"minecraft:time_since_rest":116760,"minecraft:sprint_one_cm":484117,"minecraft:damage_taken":170,"minecraft:walk_one_cm":169695,"minecraft:mob_kills":1,"minecraft:drop":7,"minecraft:damage_dealt":96,"minecraft:talked_to_villager":5,"minecraft:fly_one_cm":1317934,"minecraft:open_barrel":3,"minecraft:crouch_one_cm":75825,"minecraft:play_time":252603,"minecraft:deaths":1,"minecraft:sneak_time":10717,"minecraft:jump":295,"minecraft:leave_game":5,"minecraft:time_since_death":116758,"minecraft:total_world_time":252603,"minecraft:fall_one_cm":269},"minecraft:used":{"minecraft:quartz_bricks":2,"minecraft:trident":93,"minecraft:diorite":48,"minecraft:iron_bars":20,"minecraft:bricks":11,"minecraft:waxed_exposed_cut_copper_stairs":73,"minecraft:snow_block":49,"minecraft:spruce_slab":189,"minecraft:oak_planks":178,"minecraft:quartz_block":1,"minecraft:spruce_planks":206,"minecraft:smooth_quartz":3,"minecraft:goat_horn":53,"minecraft:spruce_stairs":130,"minecraft:podzol":95,"minecraft:birch_sign":17,"minecraft:andesite":73,"minecraft:chiseled_quartz_block":1,"minecraft:egg":98,"minecraft:coarse_dirt":257,"minecraft:spruce_fence":6,"minecraft:stripped_spruce_wood":2}},"DataVersion":3218}