{"stats":{"minecraft:dropped":{"minecraft:golden_helmet":1,"minecraft:netherite_sword":2,"minecraft:crossbow":6,"minecraft:totem_of_undying":2,"minecraft:carrot_on_a_stick":32},"minecraft:picked_up":{"minecraft:golden_helmet":1,"minecraft:carrot_on_a_stick":26,"minecraft:grass_block":1,"minecraft:oak_sign":1,"minecraft:activator_rail":1,"minecraft:netherite_sword":3,"minecraft:crossbow":6,"minecraft:spruce_sign":1,"minecraft:totem_of_undying":2,"minecraft:oak_button":1,"minecraft:powered_rail":1},"minecraft:custom":{"minecraft:time_since_rest":1796716,"minecraft:sprint_one_cm":2451171,"minecraft:damage_taken":8405,"minecraft:walk_one_cm":1832737,"minecraft:drop":43,"minecraft:damage_dealt":1162,"minecraft:fly_one_cm":6735007,"minecraft:player_kills":1,"minecraft:crouch_one_cm":24755,"minecraft:play_time":1798226,"minecraft:deaths":1,"minecraft:sneak_time":29866,"minecraft:jump":8233,"minecraft:leave_game":29,"minecraft:time_since_death":1796601,"minecraft:total_world_time":1798226,"minecraft:fall_one_cm":352658},"minecraft:killed_by":{"minecraft:player":1},"minecraft:used":{"minecraft:golden_boots":2,"minecraft:redstone_torch":4,"minecraft:purpur_block":429,"minecraft:netherite_sword":7,"minecraft:netherite_block":4477,"minecraft:lever":2,"minecraft:light":242,"minecraft:sea_lantern":1,"minecraft:activator_rail":7,"minecraft:red_wool":1,"minecraft:command_block":12,"minecraft:yellow_stained_glass":25,"minecraft:green_wool":1,"minecraft:grass_block":27,"minecraft:oak_sign":10,"minecraft:carrot_on_a_stick":345,"minecraft:powered_rail":10,"minecraft:oak_button":5,"minecraft:lime_wool":1,"minecraft:smooth_sandstone":1085,"minecraft:blue_wool":3,"minecraft:smooth_sandstone_slab":174,"minecraft:detector_rail":10,"minecraft:magenta_concrete":325,"minecraft:iron_helmet":1,"minecraft:iron_boots":1,"minecraft:sandstone":1,"minecraft:purpur_slab":60,"minecraft:redstone_block":12,"minecraft:spruce_sign":15,"minecraft:lime_dye":2,"minecraft:magenta_stained_glass":26,"minecraft:glow_ink_sac":7,"minecraft:smooth_sandstone_stairs":287,"minecraft:golden_leggings":2,"minecraft:yellow_wool":338,"minecraft:golden_helmet":3,"minecraft:item_frame":12,"minecraft:iron_chestplate":1,"minecraft:yellow_concrete_powder":2,"minecraft:birch_pressure_plate":4,"minecraft:dirt":8,"minecraft:purpur_stairs":189,"minecraft:rail":4,"minecraft:yellow_terracotta":57,"minecraft:magenta_wool":280,"minecraft:light_blue_dye":4,"minecraft:magenta_terracotta":83,"minecraft:light_blue_wool":1,"minecraft:orange_wool":1,"minecraft:yellow_concrete":394,"minecraft:crossbow":5609,"minecraft:golden_chestplate":2,"minecraft:red_dye":1,"minecraft:cyan_wool":1,"minecraft:purple_wool":1,"minecraft:iron_leggings":1,"minecraft:command_block_minecart":2}},"DataVersion":3337}