{"stats":{"minecraft:picked_up":{"minecraft:totem_of_undying":1,"minecraft:carrot_on_a_stick":2},"minecraft:custom":{"minecraft:jump":3735,"minecraft:time_since_rest":224316,"minecraft:damage_dealt":1794,"minecraft:crouch_one_cm":8735,"minecraft:leave_game":9,"minecraft:play_time":224316,"minecraft:sprint_one_cm":1079717,"minecraft:damage_taken":2867,"minecraft:time_since_death":224316,"minecraft:walk_one_cm":700346,"minecraft:sneak_time":3499,"minecraft:total_world_time":224316,"minecraft:fall_one_cm":140425,"minecraft:fly_one_cm":1363109},"minecraft:used":{"minecraft:carrot_on_a_stick":8,"minecraft:crossbow":6625}},"DataVersion":3337}