{"stats":{"minecraft:custom":{"minecraft:jump":12,"minecraft:time_since_rest":2391,"minecraft:damage_dealt":30,"minecraft:crouch_one_cm":5130,"minecraft:damage_taken":4415,"minecraft:play_time":68269,"minecraft:time_since_death":2364,"minecraft:walk_one_cm":210711,"minecraft:deaths":3,"minecraft:sneak_time":4246,"minecraft:total_world_time":68269,"minecraft:fall_one_cm":42652,"minecraft:drop":9,"minecraft:fly_one_cm":470},"minecraft:picked_up":{"minecraft:yellow_dye":5},"minecraft:dropped":{"minecraft:yellow_dye":9},"minecraft:killed_by":{"minecraft:player":1}},"DataVersion":3839}