{"stats":{"minecraft:custom":{"minecraft:jump":13,"minecraft:time_since_rest":14391,"minecraft:damage_dealt":50,"minecraft:crouch_one_cm":6980,"minecraft:damage_taken":4424,"minecraft:play_time":80269,"minecraft:time_since_death":14364,"minecraft:walk_one_cm":234531,"minecraft:deaths":3,"minecraft:sneak_time":5248,"minecraft:total_world_time":80269,"minecraft:fall_one_cm":42652,"minecraft:drop":9,"minecraft:fly_one_cm":470},"minecraft:picked_up":{"minecraft:yellow_dye":5},"minecraft:dropped":{"minecraft:yellow_dye":9},"minecraft:killed_by":{"minecraft:player":1}},"DataVersion":3839}