{"stats":{"minecraft:picked_up":{"minecraft:leather_chestplate":1,"minecraft:leather_boots":1,"minecraft:leather_leggings":1,"minecraft:written_book":2,"minecraft:bread":64,"minecraft:pink_dye":1,"minecraft:barrel":1},"minecraft:custom":{"minecraft:open_barrel":13,"minecraft:time_since_rest":52979,"minecraft:open_chest":3,"minecraft:crouch_one_cm":4915,"minecraft:sprint_one_cm":93966,"minecraft:play_time":52979,"minecraft:damage_taken":54,"minecraft:walk_one_cm":154066,"minecraft:sneak_time":6267,"minecraft:jump":234,"minecraft:inspect_hopper":1,"minecraft:damage_dealt":10,"minecraft:time_since_death":52979,"minecraft:climb_one_cm":1255,"minecraft:total_world_time":52979,"minecraft:interact_with_crafting_table":1,"minecraft:tune_noteblock":5,"minecraft:fall_one_cm":2922,"minecraft:fly_one_cm":15074},"minecraft:used":{"minecraft:leather_leggings":1,"minecraft:spyglass":48,"minecraft:bread":4,"minecraft:leather_chestplate":1,"minecraft:leather_boots":1}},"DataVersion":2975}