{"stats":{"minecraft:custom":{"minecraft:jump":15,"minecraft:time_since_rest":38841,"minecraft:damage_dealt":52,"minecraft:crouch_one_cm":15992,"minecraft:damage_taken":11390,"minecraft:play_time":127745,"minecraft:time_since_death":38799,"minecraft:walk_one_cm":284850,"minecraft:deaths":14,"minecraft:sneak_time":17879,"minecraft:total_world_time":127745,"minecraft:fall_one_cm":93842,"minecraft:drop":9,"minecraft:fly_one_cm":2029},"minecraft:picked_up":{"minecraft:yellow_dye":5},"minecraft:dropped":{"minecraft:yellow_dye":9},"minecraft:killed_by":{"minecraft:player":2}},"DataVersion":3839}