{"stats":{"minecraft:custom":{"minecraft:jump":15,"minecraft:time_since_rest":26841,"minecraft:damage_dealt":52,"minecraft:crouch_one_cm":13535,"minecraft:damage_taken":11390,"minecraft:play_time":115745,"minecraft:time_since_death":26799,"minecraft:walk_one_cm":271828,"minecraft:deaths":14,"minecraft:sneak_time":16160,"minecraft:total_world_time":115745,"minecraft:fall_one_cm":93842,"minecraft:drop":9,"minecraft:fly_one_cm":1216},"minecraft:picked_up":{"minecraft:yellow_dye":5},"minecraft:dropped":{"minecraft:yellow_dye":9},"minecraft:killed_by":{"minecraft:player":2}},"DataVersion":3839}