{"stats":{"minecraft:custom":{"minecraft:jump":1,"minecraft:time_since_rest":44187,"minecraft:crouch_one_cm":1982,"minecraft:damage_taken":960,"minecraft:play_time":44269,"minecraft:time_since_death":44132,"minecraft:walk_one_cm":145609,"minecraft:deaths":1,"minecraft:sneak_time":1504,"minecraft:total_world_time":44269,"minecraft:fall_one_cm":10021,"minecraft:drop":5,"minecraft:fly_one_cm":73},"minecraft:picked_up":{"minecraft:yellow_dye":3},"minecraft:dropped":{"minecraft:yellow_dye":5}},"DataVersion":3839}