{"stats":{"minecraft:picked_up":{"minecraft:name_tag":2,"minecraft:leather_chestplate":1,"minecraft:leather_boots":1,"minecraft:leather_leggings":1,"minecraft:written_book":2,"minecraft:bread":64,"minecraft:pink_dye":1,"minecraft:barrel":1},"minecraft:custom":{"minecraft:open_barrel":13,"minecraft:time_since_rest":66685,"minecraft:open_chest":3,"minecraft:inspect_dropper":3,"minecraft:crouch_one_cm":4934,"minecraft:sprint_one_cm":103291,"minecraft:play_time":66685,"minecraft:damage_taken":59,"minecraft:walk_one_cm":172576,"minecraft:sneak_time":6314,"minecraft:pot_flower":1,"minecraft:interact_with_lectern":1,"minecraft:jump":258,"minecraft:inspect_hopper":1,"minecraft:damage_dealt":10,"minecraft:leave_game":1,"minecraft:time_since_death":66685,"minecraft:climb_one_cm":1255,"minecraft:total_world_time":66685,"minecraft:interact_with_crafting_table":2,"minecraft:tune_noteblock":5,"minecraft:fall_one_cm":3526,"minecraft:fly_one_cm":15284},"minecraft:used":{"minecraft:leather_leggings":1,"minecraft:spyglass":48,"minecraft:bread":4,"minecraft:leather_chestplate":1,"minecraft:leather_boots":1}},"DataVersion":2975}