{"stats":{"minecraft:custom":{"minecraft:jump":15,"minecraft:time_since_rest":100802,"minecraft:damage_dealt":52,"minecraft:crouch_one_cm":27813,"minecraft:damage_taken":11390,"minecraft:leave_game":9,"minecraft:play_time":189706,"minecraft:time_since_death":100760,"minecraft:walk_one_cm":452154,"minecraft:deaths":14,"minecraft:sneak_time":29711,"minecraft:total_world_time":189706,"minecraft:fall_one_cm":93842,"minecraft:drop":11,"minecraft:fly_one_cm":2029},"minecraft:picked_up":{"minecraft:yellow_dye":6},"minecraft:dropped":{"minecraft:yellow_dye":11},"minecraft:killed_by":{"minecraft:player":2}},"DataVersion":3839}