{"stats":{"minecraft:picked_up":{"minecraft:leather_chestplate":1,"minecraft:leather_boots":1,"minecraft:leather_leggings":1,"minecraft:written_book":1,"minecraft:bread":64,"minecraft:pink_dye":1,"minecraft:barrel":1},"minecraft:custom":{"minecraft:open_barrel":12,"minecraft:time_since_rest":40979,"minecraft:open_chest":2,"minecraft:crouch_one_cm":2336,"minecraft:sprint_one_cm":78268,"minecraft:play_time":40979,"minecraft:damage_taken":54,"minecraft:walk_one_cm":113767,"minecraft:sneak_time":4166,"minecraft:jump":183,"minecraft:damage_dealt":10,"minecraft:time_since_death":40979,"minecraft:climb_one_cm":1031,"minecraft:total_world_time":40979,"minecraft:fall_one_cm":2655,"minecraft:fly_one_cm":13949},"minecraft:used":{"minecraft:leather_leggings":1,"minecraft:spyglass":32,"minecraft:bread":3,"minecraft:leather_chestplate":1,"minecraft:leather_boots":1}},"DataVersion":2975}