{"stats":{"minecraft:custom":{"minecraft:jump":15,"minecraft:time_since_rest":2841,"minecraft:damage_dealt":52,"minecraft:crouch_one_cm":10247,"minecraft:damage_taken":11244,"minecraft:play_time":91745,"minecraft:time_since_death":2799,"minecraft:walk_one_cm":248550,"minecraft:deaths":14,"minecraft:sneak_time":10677,"minecraft:total_world_time":91745,"minecraft:fall_one_cm":93842,"minecraft:drop":9,"minecraft:fly_one_cm":538},"minecraft:picked_up":{"minecraft:yellow_dye":5},"minecraft:dropped":{"minecraft:yellow_dye":9},"minecraft:killed_by":{"minecraft:player":2}},"DataVersion":3839}