{"stats":{"minecraft:custom":{"minecraft:jump":9,"minecraft:time_since_rest":56187,"minecraft:damage_dealt":30,"minecraft:crouch_one_cm":3160,"minecraft:damage_taken":1045,"minecraft:play_time":56269,"minecraft:time_since_death":56132,"minecraft:walk_one_cm":186283,"minecraft:deaths":1,"minecraft:sneak_time":2041,"minecraft:total_world_time":56269,"minecraft:fall_one_cm":10021,"minecraft:drop":9,"minecraft:fly_one_cm":278},"minecraft:picked_up":{"minecraft:yellow_dye":5},"minecraft:dropped":{"minecraft:yellow_dye":9}},"DataVersion":3839}