{"stats":{"minecraft:custom":{"minecraft:jump":15,"minecraft:time_since_rest":178305,"minecraft:damage_dealt":52,"minecraft:crouch_one_cm":39753,"minecraft:damage_taken":11390,"minecraft:leave_game":10,"minecraft:play_time":267209,"minecraft:time_since_death":178263,"minecraft:walk_one_cm":567408,"minecraft:deaths":14,"minecraft:sneak_time":44365,"minecraft:total_world_time":267209,"minecraft:fall_one_cm":93842,"minecraft:drop":12,"minecraft:fly_one_cm":2029},"minecraft:picked_up":{"minecraft:yellow_dye":8},"minecraft:dropped":{"minecraft:yellow_dye":12},"minecraft:killed_by":{"minecraft:player":2}},"DataVersion":3839}