{"stats":{"minecraft:custom":{"minecraft:jump":15,"minecraft:time_since_rest":50616,"minecraft:damage_dealt":52,"minecraft:crouch_one_cm":18855,"minecraft:damage_taken":11390,"minecraft:leave_game":5,"minecraft:play_time":139520,"minecraft:time_since_death":50574,"minecraft:walk_one_cm":306561,"minecraft:deaths":14,"minecraft:sneak_time":22018,"minecraft:total_world_time":139520,"minecraft:fall_one_cm":93842,"minecraft:drop":9,"minecraft:fly_one_cm":2029},"minecraft:picked_up":{"minecraft:yellow_dye":5},"minecraft:dropped":{"minecraft:yellow_dye":9},"minecraft:killed_by":{"minecraft:player":2}},"DataVersion":3839}