{"stats":{"minecraft:killed_by":{"minecraft:player":4},"minecraft:used":{"minecraft:golden_leggings":1,"minecraft:carrot_on_a_stick":1,"minecraft:crossbow":744,"minecraft:iron_helmet":1,"minecraft:iron_boots":1},"minecraft:picked_up":{"minecraft:golden_helmet":1,"minecraft:iron_leggings":1,"minecraft:golden_leggings":1,"minecraft:carrot_on_a_stick":2,"minecraft:iron_helmet":1,"minecraft:crossbow":1,"minecraft:golden_chestplate":2,"minecraft:iron_boots":1},"minecraft:custom":{"minecraft:time_since_rest":48652,"minecraft:crouch_one_cm":1549,"minecraft:sprint_one_cm":320368,"minecraft:play_time":59952,"minecraft:deaths":5,"minecraft:damage_taken":1436,"minecraft:walk_one_cm":115868,"minecraft:sneak_time":1022,"minecraft:jump":384,"minecraft:damage_dealt":119,"minecraft:leave_game":2,"minecraft:time_since_death":48627,"minecraft:total_world_time":59952,"minecraft:fall_one_cm":22189,"minecraft:fly_one_cm":132743,"minecraft:player_kills":2}},"DataVersion":3337}