{"stats":{"minecraft:dropped":{"minecraft:note_block":1,"minecraft:brown_wool":1,"minecraft:cobblestone":4,"minecraft:birch_sign":1,"minecraft:tripwire_hook":1},"minecraft:used":{"minecraft:moss_block":1,"minecraft:orange_dye":2,"minecraft:flower_pot":5,"minecraft:water_bucket":3,"minecraft:yellow_dye":2,"minecraft:waxed_exposed_cut_copper":16,"minecraft:cobblestone_stairs":3,"minecraft:spruce_door":3,"minecraft:flint_and_steel":7,"minecraft:snow_block":1,"minecraft:lantern":3,"minecraft:spruce_slab":2,"minecraft:brown_wool":1,"minecraft:rooted_dirt":1,"minecraft:polished_andesite":3,"minecraft:spruce_button":8,"minecraft:jungle_fence":10,"minecraft:oak_sign":1,"minecraft:andesite_slab":2,"minecraft:spruce_planks":191,"minecraft:stone":6,"minecraft:spruce_trapdoor":77,"minecraft:spruce_sign":10,"minecraft:iron_door":1,"minecraft:red_glazed_terracotta":2,"minecraft:gravel":2,"minecraft:barrel":11,"minecraft:stone_bricks":1,"minecraft:oak_leaves":17,"minecraft:torch":2,"minecraft:waxed_exposed_copper":13,"minecraft:tripwire_hook":1,"minecraft:anvil":2,"minecraft:cobblestone":22,"minecraft:vine":24,"minecraft:light_blue_dye":2,"minecraft:spruce_stairs":22,"minecraft:dark_oak_fence":1,"minecraft:jungle_planks":3,"minecraft:podzol":38,"minecraft:birch_sign":11,"minecraft:andesite":308,"minecraft:cyan_dye":3,"minecraft:glow_lichen":10,"minecraft:polished_blackstone_button":12,"minecraft:acacia_button":4,"minecraft:note_block":2,"minecraft:cobbled_deepslate":69,"minecraft:tuff":1,"minecraft:coarse_dirt":131,"minecraft:acacia_planks":6,"minecraft:spruce_fence":74,"minecraft:turtle_egg":14,"minecraft:candle":19,"minecraft:hanging_roots":11,"minecraft:stripped_spruce_wood":54,"minecraft:cobweb":8},"minecraft:custom":{"minecraft:time_since_rest":81144,"minecraft:sprint_one_cm":16183,"minecraft:walk_one_cm":139065,"minecraft:drop":8,"minecraft:tune_noteblock":7,"minecraft:fly_one_cm":240366,"minecraft:open_barrel":11,"minecraft:crouch_one_cm":3508,"minecraft:play_time":81144,"minecraft:sneak_time":2236,"minecraft:pot_flower":6,"minecraft:interact_with_lectern":1,"minecraft:jump":211,"minecraft:leave_game":4,"minecraft:time_since_death":81144,"minecraft:total_world_time":81144},"minecraft:picked_up":{"minecraft:tripwire_hook":1,"minecraft:note_block":1,"minecraft:diorite":1,"minecraft:paper":1,"minecraft:cobblestone":2}},"DataVersion":2865}