{"stats":{"minecraft:dropped":{"minecraft:crossbow":3},"minecraft:mined":{"minecraft:grass_block":1},"minecraft:custom":{"minecraft:jump":351,"minecraft:time_since_rest":30609,"minecraft:leave_game":1,"minecraft:damage_dealt":35,"minecraft:crouch_one_cm":456,"minecraft:sprint_one_cm":79528,"minecraft:play_time":30609,"minecraft:damage_taken":0,"minecraft:time_since_death":30609,"minecraft:walk_one_cm":43754,"minecraft:sneak_time":327,"minecraft:total_world_time":30609,"minecraft:drop":3,"minecraft:fall_one_cm":7635,"minecraft:fly_one_cm":112443},"minecraft:picked_up":{"minecraft:crossbow":3,"minecraft:dirt":1},"minecraft:used":{"minecraft:carrot_on_a_stick":2,"minecraft:crossbow":242,"minecraft:dirt":1}},"DataVersion":3337}