{"stats":{"minecraft:custom":{"minecraft:jump":43,"minecraft:time_since_rest":42793,"minecraft:damage_dealt":331,"minecraft:crouch_one_cm":12883,"minecraft:damage_taken":1188,"minecraft:play_time":95042,"minecraft:time_since_death":42769,"minecraft:walk_one_cm":217978,"minecraft:deaths":5,"minecraft:sneak_time":9936,"minecraft:total_world_time":95042,"minecraft:fall_one_cm":35529,"minecraft:drop":8,"minecraft:fly_one_cm":842,"minecraft:player_kills":1},"minecraft:picked_up":{"minecraft:yellow_dye":10},"minecraft:dropped":{"minecraft:yellow_dye":8},"minecraft:killed_by":{"minecraft:zombie":1}},"DataVersion":3839}