{"stats":{"minecraft:picked_up":{"minecraft:leather_boots":1,"minecraft:leather_chestplate":1,"minecraft:leather_leggings":1,"minecraft:written_book":1,"minecraft:bread":64,"minecraft:pink_dye":1,"minecraft:barrel":1},"minecraft:custom":{"minecraft:open_barrel":7,"minecraft:time_since_rest":35546,"minecraft:open_chest":1,"minecraft:play_time":35546,"minecraft:crouch_one_cm":1763,"minecraft:sprint_one_cm":36278,"minecraft:damage_taken":70,"minecraft:walk_one_cm":124091,"minecraft:sneak_time":1964,"minecraft:interact_with_lectern":1,"minecraft:jump":181,"minecraft:damage_dealt":34,"minecraft:time_since_death":35546,"minecraft:climb_one_cm":1202,"minecraft:total_world_time":35546,"minecraft:fly_one_cm":11799,"minecraft:fall_one_cm":3964},"minecraft:used":{"minecraft:leather_leggings":1,"minecraft:spyglass":1,"minecraft:written_book":1,"minecraft:bread":2}},"DataVersion":2975}