{"stats":{"minecraft:custom":{"minecraft:jump":33,"minecraft:time_since_rest":31740,"minecraft:damage_dealt":216,"minecraft:crouch_one_cm":8207,"minecraft:damage_taken":1100,"minecraft:play_time":83989,"minecraft:time_since_death":31716,"minecraft:walk_one_cm":198821,"minecraft:deaths":5,"minecraft:sneak_time":6059,"minecraft:total_world_time":83989,"minecraft:fall_one_cm":35529,"minecraft:drop":8,"minecraft:fly_one_cm":682},"minecraft:picked_up":{"minecraft:yellow_dye":7},"minecraft:dropped":{"minecraft:yellow_dye":8},"minecraft:killed_by":{"minecraft:zombie":1}},"DataVersion":3839}