{"stats":{"minecraft:custom":{"minecraft:jump":55,"minecraft:time_since_rest":108874,"minecraft:damage_dealt":331,"minecraft:crouch_one_cm":32751,"minecraft:damage_taken":5024,"minecraft:leave_game":2,"minecraft:play_time":209607,"minecraft:time_since_death":108793,"minecraft:walk_one_cm":481981,"minecraft:deaths":13,"minecraft:sneak_time":24452,"minecraft:total_world_time":209607,"minecraft:fall_one_cm":95663,"minecraft:drop":12,"minecraft:fly_one_cm":1461,"minecraft:player_kills":1},"minecraft:picked_up":{"minecraft:yellow_dye":10},"minecraft:dropped":{"minecraft:yellow_dye":12},"minecraft:killed_by":{"minecraft:zombie":1,"minecraft:creeper":1}},"DataVersion":3839}