{"stats":{"minecraft:custom":{"minecraft:jump":52,"minecraft:time_since_rest":18309,"minecraft:damage_dealt":331,"minecraft:crouch_one_cm":18070,"minecraft:damage_taken":5024,"minecraft:play_time":119042,"minecraft:time_since_death":18228,"minecraft:walk_one_cm":285736,"minecraft:deaths":13,"minecraft:sneak_time":13209,"minecraft:total_world_time":119042,"minecraft:fall_one_cm":95663,"minecraft:drop":8,"minecraft:fly_one_cm":976,"minecraft:player_kills":1},"minecraft:picked_up":{"minecraft:yellow_dye":10},"minecraft:dropped":{"minecraft:yellow_dye":8},"minecraft:killed_by":{"minecraft:zombie":1,"minecraft:creeper":1}},"DataVersion":3839}