{"stats":{"minecraft:custom":{"minecraft:jump":33,"minecraft:time_since_rest":7740,"minecraft:damage_dealt":176,"minecraft:crouch_one_cm":3494,"minecraft:damage_taken":1100,"minecraft:play_time":59989,"minecraft:time_since_death":7716,"minecraft:walk_one_cm":150412,"minecraft:deaths":5,"minecraft:sneak_time":2214,"minecraft:total_world_time":59989,"minecraft:fall_one_cm":35529,"minecraft:drop":5,"minecraft:fly_one_cm":317},"minecraft:picked_up":{"minecraft:yellow_dye":7},"minecraft:dropped":{"minecraft:yellow_dye":5},"minecraft:killed_by":{"minecraft:zombie":1}},"DataVersion":3839}