{"stats":{"minecraft:custom":{"minecraft:jump":55,"minecraft:time_since_rest":99042,"minecraft:damage_dealt":331,"minecraft:crouch_one_cm":30864,"minecraft:damage_taken":5024,"minecraft:leave_game":1,"minecraft:play_time":199775,"minecraft:time_since_death":98961,"minecraft:walk_one_cm":469711,"minecraft:deaths":13,"minecraft:sneak_time":22749,"minecraft:total_world_time":199775,"minecraft:fall_one_cm":95663,"minecraft:drop":12,"minecraft:fly_one_cm":1461,"minecraft:player_kills":1},"minecraft:picked_up":{"minecraft:yellow_dye":10},"minecraft:dropped":{"minecraft:yellow_dye":12},"minecraft:killed_by":{"minecraft:zombie":1,"minecraft:creeper":1}},"DataVersion":3839}