{"stats":{"minecraft:killed_by":{"minecraft:player":1,"minecraft:creeper":1},"minecraft:used":{"minecraft:carrot_on_a_stick":2,"minecraft:crossbow":707},"minecraft:picked_up":{"minecraft:slime_ball":21,"minecraft:carrot_on_a_stick":4},"minecraft:custom":{"minecraft:jump":520,"minecraft:time_since_rest":49321,"minecraft:damage_dealt":611,"minecraft:damage_taken":1481,"minecraft:leave_game":2,"minecraft:crouch_one_cm":393,"minecraft:play_time":75366,"minecraft:time_since_death":49301,"minecraft:sprint_one_cm":252211,"minecraft:walk_one_cm":122637,"minecraft:deaths":7,"minecraft:sneak_time":1722,"minecraft:total_world_time":75366,"minecraft:mob_kills":2,"minecraft:fall_one_cm":24413,"minecraft:fly_one_cm":204164,"minecraft:player_kills":2},"minecraft:killed":{"minecraft:slime":2}},"DataVersion":3337}