{"stats":{"minecraft:picked_up":{"minecraft:leather_chestplate":1,"minecraft:leather_boots":1,"minecraft:leather_leggings":1,"minecraft:written_book":1,"minecraft:music_disc_11":2,"minecraft:bread":64,"minecraft:pink_dye":1,"minecraft:barrel":1},"minecraft:custom":{"minecraft:open_barrel":8,"minecraft:time_since_rest":47519,"minecraft:open_chest":1,"minecraft:crouch_one_cm":4345,"minecraft:sprint_one_cm":46040,"minecraft:play_time":47519,"minecraft:damage_taken":70,"minecraft:walk_one_cm":162197,"minecraft:sneak_time":4574,"minecraft:interact_with_lectern":1,"minecraft:jump":238,"minecraft:damage_dealt":42,"minecraft:play_record":3,"minecraft:time_since_death":47519,"minecraft:climb_one_cm":2289,"minecraft:total_world_time":47519,"minecraft:fall_one_cm":3964,"minecraft:fly_one_cm":12762},"minecraft:used":{"minecraft:leather_leggings":1,"minecraft:spyglass":1,"minecraft:written_book":1,"minecraft:bread":2,"minecraft:music_disc_11":3}},"DataVersion":2975}