{"stats":{"minecraft:custom":{"minecraft:jump":55,"minecraft:time_since_rest":42309,"minecraft:damage_dealt":331,"minecraft:crouch_one_cm":21812,"minecraft:damage_taken":5024,"minecraft:play_time":143042,"minecraft:time_since_death":42228,"minecraft:walk_one_cm":329917,"minecraft:deaths":13,"minecraft:sneak_time":15604,"minecraft:total_world_time":143042,"minecraft:fall_one_cm":95663,"minecraft:drop":8,"minecraft:fly_one_cm":1461,"minecraft:player_kills":1},"minecraft:picked_up":{"minecraft:yellow_dye":10},"minecraft:dropped":{"minecraft:yellow_dye":8},"minecraft:killed_by":{"minecraft:zombie":1,"minecraft:creeper":1}},"DataVersion":3839}