{"stats":{"minecraft:custom":{"minecraft:jump":33,"minecraft:time_since_rest":19740,"minecraft:damage_dealt":186,"minecraft:crouch_one_cm":6360,"minecraft:damage_taken":1100,"minecraft:play_time":71989,"minecraft:time_since_death":19716,"minecraft:walk_one_cm":170548,"minecraft:deaths":5,"minecraft:sneak_time":4596,"minecraft:total_world_time":71989,"minecraft:fall_one_cm":35529,"minecraft:drop":6,"minecraft:fly_one_cm":317},"minecraft:picked_up":{"minecraft:yellow_dye":7},"minecraft:dropped":{"minecraft:yellow_dye":6},"minecraft:killed_by":{"minecraft:zombie":1}},"DataVersion":3839}