{"stats":{"minecraft:picked_up":{"minecraft:leather_chestplate":1,"minecraft:leather_boots":1,"minecraft:leather_leggings":1,"minecraft:written_book":1,"minecraft:music_disc_11":3,"minecraft:bread":64,"minecraft:pink_dye":1,"minecraft:barrel":1},"minecraft:custom":{"minecraft:open_barrel":8,"minecraft:time_since_rest":58102,"minecraft:open_chest":1,"minecraft:crouch_one_cm":5667,"minecraft:sprint_one_cm":46234,"minecraft:play_time":58102,"minecraft:damage_taken":70,"minecraft:walk_one_cm":170633,"minecraft:sneak_time":6932,"minecraft:interact_with_lectern":1,"minecraft:jump":297,"minecraft:damage_dealt":42,"minecraft:leave_game":1,"minecraft:play_record":3,"minecraft:time_since_death":58102,"minecraft:climb_one_cm":4640,"minecraft:total_world_time":58102,"minecraft:fall_one_cm":4502,"minecraft:fly_one_cm":12762},"minecraft:used":{"minecraft:leather_leggings":1,"minecraft:spyglass":1,"minecraft:written_book":2,"minecraft:bread":2,"minecraft:music_disc_11":3}},"DataVersion":2975}