{"stats":{"minecraft:picked_up":{"minecraft:carrot_on_a_stick":9},"minecraft:used":{"minecraft:carrot_on_a_stick":12,"minecraft:crossbow":331},"minecraft:custom":{"minecraft:jump":1269,"minecraft:time_since_rest":70797,"minecraft:leave_game":1,"minecraft:damage_dealt":58,"minecraft:crouch_one_cm":596,"minecraft:sprint_one_cm":302413,"minecraft:play_time":70797,"minecraft:damage_taken":3,"minecraft:time_since_death":70797,"minecraft:walk_one_cm":117221,"minecraft:sneak_time":390,"minecraft:total_world_time":70797,"minecraft:fall_one_cm":56122,"minecraft:fly_one_cm":511417}},"DataVersion":3337}