{"stats":{"minecraft:custom":{"minecraft:jump":855,"minecraft:time_since_rest":56034,"minecraft:damage_dealt":559,"minecraft:crouch_one_cm":1639,"minecraft:leave_game":2,"minecraft:play_time":56034,"minecraft:sprint_one_cm":135908,"minecraft:damage_taken":615,"minecraft:time_since_death":56034,"minecraft:walk_one_cm":340006,"minecraft:sneak_time":3736,"minecraft:total_world_time":56034,"minecraft:fall_one_cm":29362,"minecraft:fly_one_cm":274358},"minecraft:used":{"minecraft:crossbow":748}},"DataVersion":3337}