{"stats":{"minecraft:custom":{"minecraft:jump":1254,"minecraft:time_since_rest":26950,"minecraft:damage_dealt":904,"minecraft:damage_taken":1917,"minecraft:crouch_one_cm":2157,"minecraft:leave_game":5,"minecraft:play_time":38803,"minecraft:sprint_one_cm":229942,"minecraft:time_since_death":26929,"minecraft:walk_one_cm":79751,"minecraft:deaths":1,"minecraft:sneak_time":1366,"minecraft:total_world_time":38803,"minecraft:fall_one_cm":42663,"minecraft:fly_one_cm":517189},"minecraft:used":{"minecraft:carrot_on_a_stick":2,"minecraft:crossbow":797}},"DataVersion":3337}