{"stats":{"minecraft:crafted":{"minecraft:filled_map":4},"minecraft:used":{"minecraft:stone_bricks":57,"minecraft:oak_leaves":21,"minecraft:yellow_dye":1,"minecraft:nether_wart_block":682,"minecraft:spyglass":3,"minecraft:sand":113,"minecraft:anvil":8,"minecraft:crafting_table":1,"minecraft:grass_block":1,"minecraft:polished_andesite":11,"minecraft:smooth_sandstone":381,"minecraft:map":4,"minecraft:smooth_stone_slab":12,"minecraft:dripstone_block":6,"minecraft:sandstone":31,"minecraft:stone":310,"minecraft:coarse_dirt":22,"minecraft:cobbled_deepslate":3,"minecraft:white_dye":1,"minecraft:warped_sign":1,"minecraft:polished_blackstone_stairs":2},"minecraft:dropped":{"minecraft:wooden_axe":1},"minecraft:custom":{"minecraft:time_since_rest":397705,"minecraft:crouch_one_cm":48270,"minecraft:sprint_one_cm":1326597,"minecraft:play_time":397705,"minecraft:walk_one_cm":302238,"minecraft:sneak_time":5921,"minecraft:interact_with_anvil":5,"minecraft:drop":1,"minecraft:jump":655,"minecraft:leave_game":11,"minecraft:time_since_death":397705,"minecraft:total_world_time":421377,"minecraft:interact_with_crafting_table":2,"minecraft:fly_one_cm":15582271},"minecraft:picked_up":{"minecraft:wooden_axe":1}},"DataVersion":2730}