{"stats":{"minecraft:dropped":{"minecraft:yellow_dye":1},"minecraft:picked_up":{"minecraft:yellow_dye":1},"minecraft:custom":{"minecraft:jump":8,"minecraft:time_since_rest":208377,"minecraft:damage_dealt":20,"minecraft:crouch_one_cm":40993,"minecraft:leave_game":3,"minecraft:play_time":208377,"minecraft:sprint_one_cm":1685,"minecraft:damage_taken":30,"minecraft:time_since_death":208377,"minecraft:walk_one_cm":438751,"minecraft:sneak_time":5484,"minecraft:total_world_time":208377,"minecraft:fall_one_cm":569,"minecraft:drop":1,"minecraft:fly_one_cm":95660},"minecraft:used":{"minecraft:iron_door":1}},"DataVersion":3839}