{"stats":{"minecraft:used":{"minecraft:stone_brick_stairs":39,"minecraft:yellow_wool":296,"minecraft:purpur_block":301,"minecraft:netherite_block":1546,"minecraft:stone_brick_slab":3,"minecraft:light":98,"minecraft:dirt":2,"minecraft:purpur_stairs":69,"minecraft:yellow_terracotta":202,"minecraft:magenta_wool":262,"minecraft:command_block":1,"minecraft:magenta_terracotta":91,"minecraft:blue_stained_glass":24,"minecraft:grass_block":4,"minecraft:carrot_on_a_stick":6,"minecraft:smooth_sandstone":328,"minecraft:crossbow":598,"minecraft:yellow_concrete":364,"minecraft:blue_wool":102,"minecraft:smooth_sandstone_slab":73,"minecraft:magenta_concrete":316,"minecraft:purpur_slab":58,"minecraft:smooth_sandstone_stairs":123},"minecraft:custom":{"minecraft:time_since_rest":281306,"minecraft:crouch_one_cm":8993,"minecraft:sprint_one_cm":114381,"minecraft:play_time":281306,"minecraft:damage_taken":65,"minecraft:walk_one_cm":138731,"minecraft:sneak_time":7620,"minecraft:jump":425,"minecraft:leave_game":7,"minecraft:time_since_death":281306,"minecraft:total_world_time":382323,"minecraft:fall_one_cm":11523,"minecraft:fly_one_cm":1002236}},"DataVersion":3337}