{"stats":{"minecraft:killed_by":{"minecraft:husk":5},"minecraft:custom":{"minecraft:mob_kills":11,"minecraft:interact_with_cartography_table":1,"minecraft:open_barrel":9,"minecraft:leave_game":122,"minecraft:time_since_death":1393386,"minecraft:climb_one_cm":534,"minecraft:time_since_rest":1393387,"minecraft:sprint_one_cm":2429945,"minecraft:damage_taken":2690,"minecraft:walk_one_cm":7678814,"minecraft:drop":122,"minecraft:damage_dealt":1147,"minecraft:fly_one_cm":5495906,"minecraft:talked_to_villager":72,"minecraft:crouch_one_cm":579365,"minecraft:play_time":30592322,"minecraft:deaths":6,"minecraft:sneak_time":168523,"minecraft:boat_one_cm":12924,"minecraft:aviate_one_cm":29417,"minecraft:jump":2795,"minecraft:walk_on_water_one_cm":123,"minecraft:total_world_time":30592322,"minecraft:fall_one_cm":10690},"minecraft:killed":{"minecraft:slime":6,"minecraft:villager":4},"minecraft:picked_up":{"minecraft:barrier":25,"minecraft:iron_trapdoor":2,"minecraft:magenta_carpet":1,"minecraft:brown_wool":1,"minecraft:yellow_dye":17,"minecraft:flint":2,"minecraft:cornflower":2,"minecraft:light_gray_concrete_powder":10,"minecraft:cyan_carpet":1,"minecraft:turtle_scute":1,"minecraft:stone_pickaxe":2,"minecraft:iron_pickaxe":1,"minecraft:stick":2,"minecraft:raw_iron":1,"minecraft:snow_block":2,"minecraft:netherite_pickaxe":1,"minecraft:iron_hoe":1,"minecraft:yellow_carpet":1,"minecraft:light_blue_terracotta":2,"minecraft:dark_oak_fence":1,"minecraft:cobblestone":2},"minecraft:mined":{"minecraft:turtle_egg":1},"minecraft:dropped":{"minecraft:snow_block":2,"minecraft:magenta_stained_glass":1,"minecraft:magenta_carpet":1,"minecraft:repeating_command_block":3,"minecraft:netherite_pickaxe":1,"minecraft:raw_iron":1,"minecraft:barrier":25,"minecraft:cobblestone":2,"minecraft:iron_hoe":1,"minecraft:comparator":1,"minecraft:command_block":2,"minecraft:carrot_on_a_stick":1,"minecraft:yellow_carpet":1,"minecraft:stick":2,"minecraft:flint":4,"minecraft:iron_trapdoor":2,"minecraft:dark_oak_fence":1,"minecraft:yellow_dye":55,"minecraft:cornflower":2,"minecraft:brown_wool":1,"minecraft:turtle_scute":1,"minecraft:painting":4,"minecraft:stone_pickaxe":2,"minecraft:iron_pickaxe":1,"minecraft:light_blue_terracotta":2,"minecraft:light_gray_concrete_powder":1,"minecraft:cyan_carpet":1,"minecraft:redstone":1},"minecraft:used":{"minecraft:calcite":2,"minecraft:orange_dye":1,"minecraft:water_bucket":1,"minecraft:diorite":40,"minecraft:iron_bars":33,"minecraft:dirt_path":2,"minecraft:chiseled_deepslate":6,"minecraft:light_gray_stained_glass_pane":1,"minecraft:snow_block":1770,"minecraft:ladder":5,"minecraft:spruce_slab":8,"minecraft:polished_andesite":1,"minecraft:redstone":42,"minecraft:dried_kelp":1,"minecraft:cartography_table":1,"minecraft:bamboo_sign":5,"minecraft:oak_sign":3,"minecraft:andesite_slab":7,"minecraft:light_blue_terracotta":2,"minecraft:spruce_planks":51,"minecraft:stone":140,"minecraft:redstone_block":15,"minecraft:spruce_sign":38,"minecraft:magenta_stained_glass":34,"minecraft:warped_sign":3,"minecraft:glow_ink_sac":4,"minecraft:deepslate_bricks":42,"minecraft:cracked_stone_bricks":7,"minecraft:debug_stick":452,"minecraft:jungle_wood":9,"minecraft:purpur_stairs":170,"minecraft:comparator":1,"minecraft:oak_slab":2,"minecraft:brick_slab":1,"minecraft:spruce_stairs":20,"minecraft:birch_sign":6,"minecraft:jungle_slab":1,"minecraft:white_bed":2,"minecraft:light_gray_concrete_powder":47,"minecraft:painting":16,"minecraft:tuff":1,"minecraft:spruce_fence":51,"minecraft:granite":20,"minecraft:polished_diorite":7,"minecraft:birch_door":1,"minecraft:andesite_wall":13,"minecraft:redstone_torch":1,"minecraft:oak_log":2,"minecraft:yellow_dye":2,"minecraft:wooden_axe":13,"minecraft:lever":4,"minecraft:light":65,"minecraft:black_concrete":919,"minecraft:bricks":65,"minecraft:waxed_exposed_cut_copper_stairs":26,"minecraft:gray_dye":1,"minecraft:command_block":71,"minecraft:spruce_wood":10,"minecraft:oak_button":2,"minecraft:spruce_button":2,"minecraft:brick_stairs":8,"minecraft:brown_wool":3,"minecraft:barrier":128,"minecraft:stone_slab":11,"minecraft:cherry_sign":1,"minecraft:lime_dye":1,"minecraft:iron_door":7,"minecraft:pink_stained_glass_pane":4,"minecraft:deepslate":19,"minecraft:gravel":4,"minecraft:stone_bricks":1,"minecraft:barrel":2,"minecraft:polished_andesite_slab":23,"minecraft:waxed_exposed_cut_copper_slab":70,"minecraft:item_frame":1,"minecraft:repeater":14,"minecraft:cobblestone":28,"minecraft:snow":1201,"minecraft:hay_block":6,"minecraft:bamboo_chest_raft":5,"minecraft:iron_trapdoor":133,"minecraft:dark_oak_fence":7,"minecraft:chain_command_block":4,"minecraft:cooked_rabbit":1,"minecraft:andesite":134,"minecraft:glass_pane":15,"minecraft:pink_stained_glass":14,"minecraft:repeating_command_block":14,"minecraft:white_concrete":6,"minecraft:red_dye":1,"minecraft:turtle_egg":2,"minecraft:stripped_spruce_wood":14}},"DataVersion":3839}