{
    "pools": [
      {
        "rolls": 1,
        "entries": [
          {
            "type": "minecraft:item",
            "name": "minecraft:crossbow",
            "functions": [
              {
                "function": "minecraft:set_nbt",
                "tag": "{Charged:1b,LaserGun:1b,CustomModelData:2,display:{Name:'{\"translate\":\"mt.lasergun\",\"italic\":false,\"color\":\"light_purple\"}'}}"
              }
            ]
          }
        ]
      }
    ]
  }
  