{
    "pools": [
      {
        "rolls": 1,
        "entries": [
          {
            "type": "minecraft:item",
            "name": "minecraft:carrot_on_a_stick",
            "functions": [
              {
                "function": "minecraft:set_nbt",
                "tag": "{display:{Name:'{\"translate\":\"mt.remote_glow\",\"color\":\"light_purple\",\"italic\":false}'},CustomModelData:8,Remote:Glow}"
              }
            ]
          }
        ]
      }
    ]
  }
  