{
  "armor_statues:enable": {
    "criteria": {
      "tick": "2021-12-15 19:55:27 +0100"
    },
    "done": true
  },
  "vanillatweaks:armor_statues": {
    "criteria": {
      "tick": "2021-12-15 19:55:27 +0100"
    },
    "done": true
  },
  "vanillatweaks:root": {
    "criteria": {
      "tick": "2021-12-15 19:55:27 +0100"
    },
    "done": true
  },
  "minecraft:adventure/adventuring_time": {
    "criteria": {
      "minecraft:desert": "2021-12-15 19:55:27 +0100"
    },
    "done": false
  },
  "DataVersion": 2730
}