{
  "minecraft:recipes/decorations/crafting_table": {
    "criteria": {
      "unlock_right_away": "2024-08-26 16:26:15 +0300"
    },
    "done": true
  },
  "minecraft:adventure/adventuring_time": {
    "criteria": {
      "minecraft:cold_ocean": "2024-08-26 16:26:15 +0300",
      "minecraft:snowy_taiga": "2024-08-26 16:27:06 +0300"
    },
    "done": false
  },
  "minecraft:recipes/misc/orange_dye_from_red_yellow": {
    "criteria": {
      "has_yellow_dye": "2024-08-26 16:27:24 +0300"
    },
    "done": true
  },
  "minecraft:recipes/decorations/yellow_candle": {
    "criteria": {
      "has_yellow_dye": "2024-08-26 16:27:24 +0300"
    },
    "done": true
  },
  "minecraft:recipes/building_blocks/dye_yellow_carpet": {
    "criteria": {
      "has_needed_dye": "2024-08-26 16:27:24 +0300"
    },
    "done": true
  },
  "minecraft:recipes/decorations/yellow_stained_glass_pane_from_glass_pane": {
    "criteria": {
      "has_yellow_dye": "2024-08-26 16:27:24 +0300"
    },
    "done": true
  },
  "minecraft:recipes/building_blocks/dye_yellow_wool": {
    "criteria": {
      "has_needed_dye": "2024-08-26 16:27:24 +0300"
    },
    "done": true
  },
  "minecraft:recipes/building_blocks/dye_yellow_bed": {
    "criteria": {
      "has_needed_dye": "2024-08-26 16:27:24 +0300"
    },
    "done": true
  },
  "minecraft:recipes/decorations/torch": {
    "criteria": {
      "has_stone_pickaxe": "2024-08-26 16:32:07 +0300"
    },
    "done": true
  },
  "minecraft:story/upgrade_tools": {
    "criteria": {
      "stone_pickaxe": "2024-08-26 16:32:07 +0300"
    },
    "done": true
  },
  "minecraft:recipes/decorations/ladder": {
    "criteria": {
      "has_stick": "2024-08-26 18:27:38 +0300"
    },
    "done": true
  },
  "minecraft:recipes/decorations/campfire": {
    "criteria": {
      "has_stick": "2024-08-26 18:27:38 +0300"
    },
    "done": true
  },
  "minecraft:recipes/tools/wooden_hoe": {
    "criteria": {
      "has_stick": "2024-08-26 18:27:38 +0300"
    },
    "done": true
  },
  "minecraft:recipes/tools/wooden_pickaxe": {
    "criteria": {
      "has_stick": "2024-08-26 18:27:38 +0300"
    },
    "done": true
  },
  "minecraft:recipes/tools/wooden_axe": {
    "criteria": {
      "has_stick": "2024-08-26 18:27:38 +0300"
    },
    "done": true
  },
  "minecraft:recipes/tools/wooden_shovel": {
    "criteria": {
      "has_stick": "2024-08-26 18:27:38 +0300"
    },
    "done": true
  },
  "minecraft:recipes/combat/wooden_sword": {
    "criteria": {
      "has_stick": "2024-08-26 18:27:38 +0300"
    },
    "done": true
  },
  "metel:interact/pickaxe_db": {
    "criteria": {
      "requirement": "2024-09-03 20:57:50 +0300"
    },
    "done": true
  },
  "metel:items_pickup/boltcutter": {
    "criteria": {
      "requirement": "2024-09-03 20:56:39 +0300"
    },
    "done": true
  },
  "metel:interact/sink_chain": {
    "criteria": {
      "requirement": "2024-09-03 20:56:42 +0300"
    },
    "done": true
  },
  "metel:items_pickup/hammer": {
    "criteria": {
      "requirement": "2024-09-03 20:51:52 +0300"
    },
    "done": true
  },
  "metel:items_pickup/lever": {
    "criteria": {
      "requirement": "2024-09-03 20:59:05 +0300"
    },
    "done": true
  },
  "metel:interact/toilet_cap_db": {
    "criteria": {
      "requirement": "2024-09-03 20:56:38 +0300"
    },
    "done": true
  },
  "metel:interact/toilet_bolt_1": {
    "criteria": {
      "requirement": "2024-09-03 20:56:37 +0300"
    },
    "done": true
  },
  "metel:items_pickup/picklock": {
    "criteria": {
      "requirement": "2024-09-03 20:51:43 +0300"
    },
    "done": true
  },
  "metel:items_pickup/wrench": {
    "criteria": {
      "requirement": "2024-09-03 20:56:52 +0300"
    },
    "done": true
  },
  "metel:interact/staple_db": {
    "criteria": {
      "requirement": "2024-09-03 20:57:12 +0300"
    },
    "done": true
  },
  "metel:click/game_menu_rmb": {
    "criteria": {
      "requirement": "2024-09-03 21:00:47 +0300"
    },
    "done": true
  },
  "metel:items_pickup/tape": {
    "criteria": {
      "requirement": "2024-09-03 20:52:00 +0300"
    },
    "done": true
  },
  "metel:interact/staple_1": {
    "criteria": {
      "requirement": "2024-09-03 20:57:12 +0300"
    },
    "done": true
  },
  "metel:interact/wire": {
    "criteria": {
      "requirement": "2024-09-03 20:52:02 +0300"
    },
    "done": true
  },
  "metel:interact/control_panel/elevator": {
    "criteria": {
      "requirement": "2024-09-03 20:59:42 +0300"
    },
    "done": true
  },
  "metel:interact/stick_db": {
    "criteria": {
      "requirement": "2024-09-03 20:57:48 +0300"
    },
    "done": true
  },
  "metel:interact/sink_bolt": {
    "criteria": {
      "requirement": "2024-09-03 20:56:55 +0300"
    },
    "done": true
  },
  "metel:items_pickup/pickaxe_head": {
    "criteria": {
      "requirement": "2024-09-03 20:56:38 +0300"
    },
    "done": true
  },
  "metel:interact/sink_lever": {
    "criteria": {
      "requirement": "2024-09-03 20:56:45 +0300"
    },
    "done": true
  },
  "metel:interact/brick_block_break": {
    "criteria": {
      "requirement": "2024-09-03 20:57:59 +0300"
    },
    "done": true
  },
  "metel:items_pickup/metal_file": {
    "criteria": {
      "requirement": "2024-09-03 20:52:01 +0300"
    },
    "done": true
  },
  "metel:interact/fb_glass": {
    "criteria": {
      "requirement": "2024-09-03 20:51:56 +0300"
    },
    "done": true
  },
  "metel:items_pickup/door_bolt": {
    "criteria": {
      "requirement": "2024-09-03 20:57:03 +0300"
    },
    "done": true
  },
  "metel:items_pickup/crowbar": {
    "criteria": {
      "requirement": "2024-09-03 20:56:43 +0300"
    },
    "done": true
  },
  "metel:interact/vise": {
    "criteria": {
      "requirement": "2024-09-03 20:56:52 +0300"
    },
    "done": true
  },
  "metel:interact/sink_move_db": {
    "criteria": {
      "requirement": "2024-09-03 20:56:56 +0300"
    },
    "done": true
  },
  "metel:items_pickup/screwdriver": {
    "criteria": {
      "requirement": "2024-09-03 20:51:49 +0300"
    },
    "done": true
  },
  "metel:interact/bath_trapdoor": {
    "criteria": {
      "requirement": "2024-09-03 20:56:48 +0300"
    },
    "done": true
  },
  "metel:interact/toilet_bolt_db": {
    "criteria": {
      "requirement": "2024-09-03 20:56:37 +0300"
    },
    "done": true
  },
  "metel:items_pickup/valve": {
    "criteria": {
      "requirement": "2024-09-03 20:56:49 +0300"
    },
    "done": true
  },
  "DataVersion": 3839
}