{
  "minecraft:recipes/decorations/crafting_table": {
    "criteria": {
      "unlock_right_away": "2024-11-01 13:00:25 +0000"
    },
    "done": true
  },
  "minecraft:adventure/adventuring_time": {
    "criteria": {
      "minecraft:cold_ocean": "2024-11-01 13:00:29 +0000",
      "minecraft:swamp": "2024-11-01 14:46:22 +0000",
      "minecraft:snowy_taiga": "2024-11-01 13:22:50 +0000"
    },
    "done": false
  },
  "minecraft:recipes/misc/orange_dye_from_red_yellow": {
    "criteria": {
      "has_yellow_dye": "2024-11-01 13:27:04 +0000"
    },
    "done": true
  },
  "minecraft:recipes/decorations/yellow_candle": {
    "criteria": {
      "has_yellow_dye": "2024-11-01 13:27:04 +0000"
    },
    "done": true
  },
  "minecraft:recipes/building_blocks/dye_yellow_carpet": {
    "criteria": {
      "has_needed_dye": "2024-11-01 13:27:04 +0000"
    },
    "done": true
  },
  "minecraft:recipes/decorations/yellow_stained_glass_pane_from_glass_pane": {
    "criteria": {
      "has_yellow_dye": "2024-11-01 13:27:04 +0000"
    },
    "done": true
  },
  "minecraft:recipes/building_blocks/dye_yellow_wool": {
    "criteria": {
      "has_needed_dye": "2024-11-01 13:27:04 +0000"
    },
    "done": true
  },
  "minecraft:recipes/building_blocks/dye_yellow_bed": {
    "criteria": {
      "has_needed_dye": "2024-11-01 13:27:04 +0000"
    },
    "done": true
  },
  "minecraft:adventure/root": {
    "criteria": {
      "killed_by_something": "2024-11-01 13:47:51 +0000"
    },
    "done": true
  },
  "metel:click/start_room_start_game": {
    "criteria": {
      "requirement": "2024-11-01 15:46:25 +0000"
    },
    "done": true
  },
  "minecraft:recipes/decorations/ladder": {
    "criteria": {
      "has_stick": "2024-11-01 16:06:03 +0000"
    },
    "done": true
  },
  "minecraft:recipes/decorations/campfire": {
    "criteria": {
      "has_stick": "2024-11-01 16:06:03 +0000"
    },
    "done": true
  },
  "minecraft:recipes/tools/wooden_hoe": {
    "criteria": {
      "has_stick": "2024-11-01 16:06:03 +0000"
    },
    "done": true
  },
  "minecraft:recipes/tools/wooden_pickaxe": {
    "criteria": {
      "has_stick": "2024-11-01 16:06:03 +0000"
    },
    "done": true
  },
  "minecraft:recipes/tools/wooden_axe": {
    "criteria": {
      "has_stick": "2024-11-01 16:06:03 +0000"
    },
    "done": true
  },
  "minecraft:recipes/tools/wooden_shovel": {
    "criteria": {
      "has_stick": "2024-11-01 16:06:03 +0000"
    },
    "done": true
  },
  "minecraft:recipes/combat/wooden_sword": {
    "criteria": {
      "has_stick": "2024-11-01 16:06:03 +0000"
    },
    "done": true
  },
  "minecraft:recipes/decorations/torch": {
    "criteria": {
      "has_stone_pickaxe": "2024-11-01 16:06:08 +0000"
    },
    "done": true
  },
  "minecraft:story/upgrade_tools": {
    "criteria": {
      "stone_pickaxe": "2024-11-01 16:06:08 +0000"
    },
    "done": true
  },
  "metel:items_pickup/picklock": {
    "criteria": {
      "requirement": "2024-11-01 16:09:52 +0000"
    },
    "done": true
  },
  "metel:items_pickup/hammer": {
    "criteria": {
      "requirement": "2024-11-01 16:10:00 +0000"
    },
    "done": true
  },
  "metel:items_pickup/screwdriver": {
    "criteria": {
      "requirement": "2024-11-01 16:10:02 +0000"
    },
    "done": true
  },
  "metel:interact/fb_glass": {
    "criteria": {
      "requirement": "2024-11-01 16:10:06 +0000"
    },
    "done": true
  },
  "metel:items_pickup/tape": {
    "criteria": {
      "requirement": "2024-11-01 16:11:15 +0000"
    },
    "done": true
  },
  "metel:items_pickup/metal_file": {
    "criteria": {
      "requirement": "2024-11-01 16:11:15 +0000"
    },
    "done": true
  },
  "metel:interact/wire": {
    "criteria": {
      "requirement": "2024-11-01 16:11:18 +0000"
    },
    "done": true
  },
  "metel:interact/control_panel/cp_button_login": {
    "criteria": {
      "requirement": "2024-11-01 16:21:51 +0000"
    },
    "done": true
  },
  "metel:items_pickup/door_bolt": {
    "criteria": {
      "requirement": "2024-11-01 16:22:03 +0000"
    },
    "done": true
  },
  "metel:interact/toilet_bolt_1": {
    "criteria": {
      "requirement": "2024-11-01 16:22:08 +0000"
    },
    "done": true
  },
  "metel:interact/toilet_bolt_db": {
    "criteria": {
      "requirement": "2024-11-01 16:22:08 +0000"
    },
    "done": true
  },
  "metel:interact/toilet_cap_db": {
    "criteria": {
      "requirement": "2024-11-01 16:22:10 +0000"
    },
    "done": true
  },
  "metel:items_pickup/pickaxe_head": {
    "criteria": {
      "requirement": "2024-11-01 16:22:13 +0000"
    },
    "done": true
  },
  "metel:interact/sink_chain": {
    "criteria": {
      "requirement": "2024-11-01 16:22:39 +0000"
    },
    "done": true
  },
  "metel:items_pickup/crowbar": {
    "criteria": {
      "requirement": "2024-11-01 16:22:42 +0000"
    },
    "done": true
  },
  "metel:interact/sink_lever": {
    "criteria": {
      "requirement": "2024-11-01 16:22:45 +0000"
    },
    "done": true
  },
  "metel:interact/staple_db": {
    "criteria": {
      "requirement": "2024-11-01 16:22:55 +0000"
    },
    "done": true
  },
  "metel:interact/staple_1": {
    "criteria": {
      "requirement": "2024-11-01 16:22:55 +0000"
    },
    "done": true
  },
  "metel:interact/stick_db": {
    "criteria": {
      "requirement": "2024-11-01 16:22:57 +0000"
    },
    "done": true
  },
  "metel:interact/pickaxe_db": {
    "criteria": {
      "requirement": "2024-11-01 16:22:59 +0000"
    },
    "done": true
  },
  "metel:interact/bath_trapdoor": {
    "criteria": {
      "requirement": "2024-11-01 16:24:19 +0000"
    },
    "done": true
  },
  "metel:items_pickup/valve": {
    "criteria": {
      "requirement": "2024-11-01 16:24:20 +0000"
    },
    "done": true
  },
  "DataVersion": 3839
}