{
  "armor_statues:enable": {
    "criteria": {
      "tick": "2022-11-24 11:59:58 +0100"
    },
    "done": true
  },
  "vanillatweaks:armor_statues": {
    "criteria": {
      "tick": "2022-11-24 11:59:58 +0100"
    },
    "done": true
  },
  "vanillatweaks:root": {
    "criteria": {
      "tick": "2022-11-24 11:59:58 +0100"
    },
    "done": true
  },
  "minecraft:recipes/decorations/white_stained_glass_pane": {
    "criteria": {
      "has_glass": "2022-11-24 12:00:28 +0100"
    },
    "done": true
  },
  "minecraft:adventure/adventuring_time": {
    "criteria": {
      "minecraft:desert": "2022-11-24 11:59:59 +0100"
    },
    "done": false
  },
  "DataVersion": 3120
}