{
  "minecraft:recipes/decorations/crafting_table": {
    "criteria": {
      "unlock_right_away": "2024-11-01 13:22:32 +0000"
    },
    "done": true
  },
  "minecraft:adventure/adventuring_time": {
    "criteria": {
      "minecraft:cold_ocean": "2024-11-01 13:22:36 +0000",
      "minecraft:snowy_taiga": "2024-11-01 13:22:50 +0000"
    },
    "done": false
  },
  "minecraft:recipes/misc/orange_dye_from_red_yellow": {
    "criteria": {
      "has_yellow_dye": "2024-11-01 13:27:22 +0000"
    },
    "done": true
  },
  "minecraft:recipes/decorations/yellow_candle": {
    "criteria": {
      "has_yellow_dye": "2024-11-01 13:27:22 +0000"
    },
    "done": true
  },
  "minecraft:recipes/building_blocks/dye_yellow_carpet": {
    "criteria": {
      "has_needed_dye": "2024-11-01 13:27:22 +0000"
    },
    "done": true
  },
  "minecraft:recipes/decorations/yellow_stained_glass_pane_from_glass_pane": {
    "criteria": {
      "has_yellow_dye": "2024-11-01 13:27:22 +0000"
    },
    "done": true
  },
  "minecraft:recipes/building_blocks/dye_yellow_wool": {
    "criteria": {
      "has_needed_dye": "2024-11-01 13:27:22 +0000"
    },
    "done": true
  },
  "minecraft:recipes/building_blocks/dye_yellow_bed": {
    "criteria": {
      "has_needed_dye": "2024-11-01 13:27:22 +0000"
    },
    "done": true
  },
  "metel:items_pickup/picklock": {
    "criteria": {
      "requirement": "2024-11-01 13:48:21 +0000"
    },
    "done": true
  },
  "metel:items_pickup/screwdriver": {
    "criteria": {
      "requirement": "2024-11-01 13:48:38 +0000"
    },
    "done": true
  },
  "metel:items_pickup/hammer": {
    "criteria": {
      "requirement": "2024-11-01 13:48:48 +0000"
    },
    "done": true
  },
  "DataVersion": 3839
}