{
  "minecraft:recipes/decorations/crafting_table": {
    "criteria": {
      "unlock_right_away": "2024-08-26 16:26:15 +0300"
    },
    "done": true
  },
  "minecraft:adventure/adventuring_time": {
    "criteria": {
      "minecraft:cold_ocean": "2024-08-26 16:26:15 +0300",
      "minecraft:snowy_taiga": "2024-08-26 16:27:05 +0300"
    },
    "done": false
  },
  "minecraft:recipes/misc/orange_dye_from_red_yellow": {
    "criteria": {
      "has_yellow_dye": "2024-08-26 16:27:34 +0300"
    },
    "done": true
  },
  "minecraft:recipes/decorations/yellow_candle": {
    "criteria": {
      "has_yellow_dye": "2024-08-26 16:27:34 +0300"
    },
    "done": true
  },
  "minecraft:recipes/building_blocks/dye_yellow_carpet": {
    "criteria": {
      "has_needed_dye": "2024-08-26 16:27:34 +0300"
    },
    "done": true
  },
  "minecraft:recipes/decorations/yellow_stained_glass_pane_from_glass_pane": {
    "criteria": {
      "has_yellow_dye": "2024-08-26 16:27:34 +0300"
    },
    "done": true
  },
  "minecraft:recipes/building_blocks/dye_yellow_wool": {
    "criteria": {
      "has_needed_dye": "2024-08-26 16:27:34 +0300"
    },
    "done": true
  },
  "minecraft:recipes/building_blocks/dye_yellow_bed": {
    "criteria": {
      "has_needed_dye": "2024-08-26 16:27:34 +0300"
    },
    "done": true
  },
  "minecraft:recipes/decorations/ladder": {
    "criteria": {
      "has_stick": "2024-08-26 16:29:18 +0300"
    },
    "done": true
  },
  "minecraft:recipes/decorations/campfire": {
    "criteria": {
      "has_stick": "2024-08-26 16:29:18 +0300"
    },
    "done": true
  },
  "minecraft:recipes/tools/wooden_hoe": {
    "criteria": {
      "has_stick": "2024-08-26 16:29:18 +0300"
    },
    "done": true
  },
  "minecraft:recipes/tools/wooden_pickaxe": {
    "criteria": {
      "has_stick": "2024-08-26 16:29:18 +0300"
    },
    "done": true
  },
  "minecraft:recipes/tools/wooden_axe": {
    "criteria": {
      "has_stick": "2024-08-26 16:29:18 +0300"
    },
    "done": true
  },
  "minecraft:recipes/tools/wooden_shovel": {
    "criteria": {
      "has_stick": "2024-08-26 16:29:18 +0300"
    },
    "done": true
  },
  "minecraft:recipes/combat/wooden_sword": {
    "criteria": {
      "has_stick": "2024-08-26 16:29:18 +0300"
    },
    "done": true
  },
  "minecraft:recipes/decorations/torch": {
    "criteria": {
      "has_stone_pickaxe": "2024-08-26 16:29:23 +0300"
    },
    "done": true
  },
  "minecraft:story/upgrade_tools": {
    "criteria": {
      "stone_pickaxe": "2024-08-26 16:29:23 +0300"
    },
    "done": true
  },
  "metel:items_pickup/picklock": {
    "criteria": {
      "requirement": "2024-08-26 16:38:40 +0300"
    },
    "done": true
  },
  "metel:items_pickup/hammer": {
    "criteria": {
      "requirement": "2024-08-26 16:38:46 +0300"
    },
    "done": true
  },
  "metel:interact/fb_glass": {
    "criteria": {
      "requirement": "2024-08-26 16:38:59 +0300"
    },
    "done": true
  },
  "metel:items_pickup/tape": {
    "criteria": {
      "requirement": "2024-08-26 16:39:04 +0300"
    },
    "done": true
  },
  "metel:interact/wire": {
    "criteria": {
      "requirement": "2024-08-26 16:39:06 +0300"
    },
    "done": true
  },
  "metel:items_pickup/metal_file": {
    "criteria": {
      "requirement": "2024-08-26 16:39:04 +0300"
    },
    "done": true
  },
  "DataVersion": 3839
}